Soil Resistivity (Ohm-m),pH,Moisture Equivalent(%),exposure time,Air pore space (%),Clay %,Pipe Diameter (inches),Iron and Steel Type,Loss Oz/ft2
2.78,9.4,24.7,5.64,6.1,6.2,3.0,Wrought Iron,12.64
23.7,6.2,31.2,4.26,10.8,30.9,3.0,Open Hearth iron,3.18
5.0,7.48,54.48,4.2,5.65,70.36,1.44,Bessemer Steel,3.14
177.9,4.8,29.1,11.6,18.2,46.1,1.5,Open Hearth iron,4.15
28.9,7.5,22.4,1.0,3.8,36.3,1.5,Wrought Iron,0.8
112.0,4.5,13.8,3.09,16.0,17.6,3.0,Bessemer Steel,1.31
17.8,7.2,25.8,5.7,9.5,36.0,1.5,Wrought Iron,1.7
7.12,4.2,57.8,5.4,22.4,29.8,1.5,Bessemer Steel,13.9
20.6,7.3,18.0,8.76,10.9,26.0,3.0,Wrought Iron,2.04
74.6,6.6,13.0,4.0,27.8,6.6,1.5,Open Hearth iron,1.4
31.87,7.07,12.4,12.2,33.34,12.59,1.45,Bessemer Steel,3.93
28.2,6.8,24.8,8.57,15.8,52.1,3.0,Wrought Iron,3.82
57.06,7.25,17.68,3.8,11.58,15.94,2.92,Wrought Iron,1.46
17.7,7.6,25.7,4.1,2.6,46.1,1.5,Open Hearth iron,1.3
0.55,2.99,55.45,9.8,69.05,65.12,1.61,Bessemer Steel,17.1
21.2,4.4,34.3,1.18,3.7,63.6,3.0,Bessemer Steel,0.83
17.7,7.6,25.7,3.23,2.6,46.1,3.0,Wrought Iron,1.0
17.7,7.6,25.7,11.39,2.6,46.1,1.5,Open Hearth iron,2.28
110.0,5.3,32.0,9.58,15.5,53.1,1.5,Wrought Iron,1.8
28.2,6.8,24.8,16.9,15.8,52.1,1.5,Open Hearth iron,5.4
8.0,6.8,72.8,11.7,34.0,46.2,3.0,Bessemer Steel,12.8
12.51,4.28,34.35,12.1,26.55,71.12,1.69,Wrought Iron,16.25
62.7,5.7,22.69,11.25,6.84,19.05,3.0,Bessemer Steel,6.45
82.9,4.4,22.2,4.6,12.0,26.5,1.5,Wrought Iron,4.2
205.0,4.7,2.8,16.88,38.1,0.6,1.5,Open Hearth iron,4.61
1.3,7.0,29.4,10.01,7.2,32.4,3.0,Bessemer Steel,5.04
20.6,7.3,18.0,7.29,10.9,26.0,3.0,Open Hearth iron,1.55
368.38,5.67,15.58,14.98,34.96,15.82,3.0,Open Hearth iron,1.69
11.4,4.52,33.92,10.76,24.39,66.77,3.0,Open Hearth iron,15.98
431.0,5.9,12.2,8.1,40.6,7.2,3.0,Bessemer Steel,0.9
66.7,5.6,22.2,8.3,7.0,17.7,3.0,Bessemer Steel,5.51
29.66,7.35,46.26,7.7,20.82,18.76,3.28,Wrought Iron,1.42
11.35,7.26,28.34,7.5,16.63,20.24,1.57,Wrought Iron,3.28
20.6,7.3,18.0,6.2,10.9,26.0,1.5,Bessemer Steel,1.0
19.7,4.6,28.4,1.1,3.9,34.2,1.5,Bessemer Steel,0.7
0.6,3.1,55.4,5.68,68.9,65.0,1.5,Wrought Iron,7.8
112.0,4.5,13.8,8.0,16.0,17.6,3.0,Open Hearth iron,2.0
112.0,4.5,13.8,3.61,16.0,17.6,1.5,Wrought Iron,1.81
0.6,3.1,55.4,11.14,68.9,65.0,3.0,Open Hearth iron,12.08
2.51,7.18,14.94,11.7,18.54,26.91,2.94,Open Hearth iron,11.3
137.0,4.7,34.8,12.0,14.9,45.8,3.0,Wrought Iron,8.9
31.9,7.1,12.4,9.97,33.5,12.8,1.5,Bessemer Steel,3.69
57.01,7.29,17.89,3.9,11.89,15.59,1.48,Wrought Iron,1.82
430.89,6.08,12.42,17.5,40.55,7.25,1.55,Open Hearth iron,2.3
99.46,5.14,14.53,2.71,30.96,5.68,1.5,Open Hearth iron,2.8
15.65,7.07,49.96,15.45,6.57,64.34,3.0,Open Hearth iron,14.11
51.68,7.25,23.77,10.54,14.12,19.1,3.0,Open Hearth iron,3.25
11.46,7.32,28.27,7.8,16.53,20.2,3.11,Open Hearth iron,1.78
35.21,6.2,17.04,4.0,14.55,14.0,1.33,Wrought Iron,2.69
4.08,6.8,24.6,7.07,2.5,62.6,3.0,Wrought Iron,13.37
114.0,4.5,13.0,13.06,34.7,5.6,3.0,Wrought Iron,1.24
19.7,4.6,28.4,5.45,3.9,34.2,1.5,Open Hearth iron,2.18
2.78,9.4,24.7,12.1,6.1,6.2,1.5,Wrought Iron,21.1
13.2,5.3,33.1,5.86,6.9,40.3,1.5,Bessemer Steel,4.12
2.63,7.4,14.8,5.8,18.7,26.7,1.5,Bessemer Steel,3.5
114.0,4.5,13.0,17.2,34.7,5.6,1.5,Bessemer Steel,1.4
5.16,7.27,36.72,2.74,8.18,69.43,1.5,Open Hearth iron,1.42
28.2,6.8,24.8,5.5,15.8,52.1,1.5,Open Hearth iron,2.2
2.78,9.4,24.7,10.28,6.1,6.2,3.0,Bessemer Steel,21.61
13.15,7.0,28.8,9.7,4.9,35.8,1.5,Open Hearth iron,6.14
45.2,6.16,24.85,7.94,6.16,24.97,1.5,Open Hearth iron,4.63
12.65,4.14,34.63,7.9,26.63,71.36,2.87,Bessemer Steel,11.1
13.2,5.3,33.1,8.95,6.9,40.3,1.5,Wrought Iron,5.61
59.99,4.6,30.88,3.9,4.34,51.65,3.05,Bessemer Steel,3.59
137.0,4.7,34.8,5.22,14.9,45.8,3.0,Open Hearth iron,5.41
137.0,4.7,34.8,6.02,14.9,45.8,3.0,Bessemer Steel,6.2
66.7,5.6,22.2,11.97,7.0,17.7,1.5,Bessemer Steel,6.19
12.78,4.11,34.48,12.0,26.73,71.23,2.98,Bessemer Steel,14.63
10.0,8.8,31.2,4.83,7.2,31.2,3.0,Open Hearth iron,1.87
2.48,7.38,14.8,3.9,18.55,26.54,3.03,Wrought Iron,3.03
74.09,6.18,19.89,11.64,18.24,21.04,1.5,Open Hearth iron,4.17
12.15,7.0,28.6,4.7,1.1,52.5,3.0,Bessemer Steel,4.76
177.86,4.76,29.24,7.9,18.08,46.07,1.39,Open Hearth iron,3.66
74.6,6.6,13.0,7.9,27.8,6.6,3.0,Open Hearth iron,4.6
110.0,5.3,32.0,6.41,15.5,53.1,3.0,Wrought Iron,1.35
66.7,5.6,22.2,12.0,7.0,17.7,3.0,Open Hearth iron,7.0
4.08,6.8,24.6,7.85,2.5,62.6,3.0,Open Hearth iron,16.38
177.9,4.8,29.1,8.22,18.2,46.1,3.0,Bessemer Steel,4.45
49.0,6.7,23.4,8.0,14.7,35.1,3.0,Open Hearth iron,3.2
431.0,5.9,12.2,4.42,40.6,7.2,3.0,Open Hearth iron,0.72
28.2,6.8,24.8,1.0,15.8,52.1,3.0,Wrought Iron,0.6
66.7,5.6,22.2,10.95,7.0,17.7,3.0,Wrought Iron,6.68
7.56,5.46,32.2,7.09,17.85,53.71,1.5,Bessemer Steel,11.06
205.0,4.7,2.8,10.12,38.1,0.6,3.0,Bessemer Steel,2.56
10.0,8.8,31.2,10.28,7.2,31.2,3.0,Wrought Iron,2.9
111.94,4.5,13.65,4.2,16.0,17.62,1.49,Bessemer Steel,2.11
3.3,7.6,37.0,1.1,8.7,70.1,3.0,Bessemer Steel,0.8
21.2,4.4,34.3,8.59,3.7,63.6,3.0,Wrought Iron,4.34
2.9,9.5,21.7,5.9,34.5,9.4,3.0,Bessemer Steel,7.8
59.8,4.5,30.8,5.9,4.4,51.7,1.5,Wrought Iron,5.9
386.0,4.5,3.0,7.7,32.1,2.6,1.5,Open Hearth iron,1.83
29.06,7.47,22.52,1.0,3.69,36.24,3.02,Open Hearth iron,1.14
74.76,6.68,12.92,6.0,27.83,6.75,2.9,Wrought Iron,3.27
49.0,6.7,23.4,8.36,14.7,35.1,3.0,Wrought Iron,3.69
28.13,6.77,24.82,3.6,15.74,51.95,1.6,Bessemer Steel,2.08
31.9,7.1,12.4,13.75,33.5,12.8,1.5,Wrought Iron,4.77
137.02,4.82,34.64,11.9,14.78,45.91,1.54,Open Hearth iron,10.74
114.0,4.5,13.0,16.99,34.7,5.6,1.5,Bessemer Steel,1.4
431.0,5.9,12.2,8.71,40.6,7.2,3.0,Open Hearth iron,0.85
2.63,7.4,14.8,1.43,18.7,26.7,3.0,Open Hearth iron,1.19
3.3,7.6,37.0,1.29,8.7,70.1,3.0,Bessemer Steel,0.88
21.4,4.67,34.22,17.0,3.5,63.62,1.53,Bessemer Steel,6.3
29.8,7.3,46.4,4.9,20.9,18.6,3.0,Wrought Iron,1.41
386.0,4.5,3.0,4.72,32.1,2.6,1.5,Open Hearth iron,0.64
4.89,7.5,54.4,4.26,5.7,70.4,3.0,Open Hearth iron,3.72
0.64,2.89,55.19,6.3,69.19,65.1,1.59,Wrought Iron,8.04
33.39,7.07,12.77,2.09,33.16,13.57,1.5,Bessemer Steel,0.35
28.9,7.5,22.4,10.19,3.8,36.3,1.5,Wrought Iron,5.3
6.84,7.3,37.6,8.22,2.0,44.9,3.0,Bessemer Steel,4.39
114.21,4.56,13.16,4.1,34.96,5.67,3.02,Bessemer Steel,0.52
12.7,4.2,34.5,6.0,26.6,71.2,1.5,Open Hearth iron,10.0
17.7,7.6,25.7,1.5,2.6,46.1,1.5,Wrought Iron,0.5
12.73,4.16,34.51,2.2,26.56,71.25,1.53,Open Hearth iron,3.97
20.49,7.48,17.85,17.5,10.74,26.01,3.13,Open Hearth iron,0.98
137.0,4.7,34.8,2.9,14.9,45.8,1.5,Bessemer Steel,4.3
11.4,7.3,28.4,11.16,16.6,20.3,3.0,Wrought Iron,2.29
82.9,4.4,22.2,6.73,12.0,26.5,1.5,Open Hearth iron,5.16
252.48,6.37,19.29,8.56,25.35,19.42,3.0,Bessemer Steel,3.79
28.14,6.89,24.79,11.5,15.67,52.23,2.89,Open Hearth iron,5.04
0.6,3.1,55.4,8.0,68.9,65.0,3.0,Wrought Iron,10.1
7.12,4.2,57.8,8.28,22.4,29.8,1.5,Bessemer Steel,24.21
49.0,6.7,23.4,8.67,14.7,35.1,1.5,Open Hearth iron,3.42
59.8,4.5,30.8,3.91,4.4,51.7,3.0,Bessemer Steel,3.73
109.98,5.11,32.06,7.8,15.61,53.05,2.93,Wrought Iron,1.64
74.6,6.6,13.0,6.1,27.8,6.6,3.0,Wrought Iron,3.4
74.64,6.47,12.94,12.0,27.75,6.69,3.07,Wrought Iron,4.69
2.68,9.37,24.72,1.7,6.23,6.23,1.23,Bessemer Steel,7.87
431.0,5.9,12.2,5.13,40.6,7.2,1.5,Bessemer Steel,0.75
49.0,6.7,23.4,3.19,14.7,35.1,3.0,Wrought Iron,1.68
5.7,3.7,42.6,4.56,1.9,87.8,1.5,Wrought Iron,3.3
12.75,8.49,20.33,4.44,28.37,10.77,1.5,Wrought Iron,5.89
85.0,4.9,29.4,3.46,5.4,1.2,1.5,Bessemer Steel,2.83
9.7,6.0,33.0,2.0,2.3,47.1,3.0,Bessemer Steel,2.2
51.5,4.9,28.4,6.34,9.6,22.3,1.5,Open Hearth iron,5.45
8.0,6.8,72.8,10.08,34.0,46.2,3.0,Wrought Iron,10.89
17.8,7.2,25.8,1.0,9.5,36.0,1.5,Bessemer Steel,0.4
4.89,7.5,54.4,7.41,5.7,70.4,3.0,Wrought Iron,5.91
12.7,4.2,34.5,2.24,26.6,71.2,3.0,Open Hearth iron,4.56
112.0,3.8,7.0,5.4,3.5,4.5,3.0,Wrought Iron,4.02
112.0,3.8,7.0,10.6,3.5,4.5,1.5,Wrought Iron,8.71
12.15,7.0,28.6,9.11,1.1,52.5,3.0,Wrought Iron,8.68
28.2,6.8,24.8,1.0,15.8,52.1,1.5,Open Hearth iron,0.6
206.43,4.04,5.62,8.35,13.36,3.85,1.5,Open Hearth iron,5.51
19.64,4.56,28.36,5.7,3.72,34.28,2.87,Open Hearth iron,2.18
13.2,5.3,33.1,17.4,6.9,40.3,1.5,Wrought Iron,7.4
57.0,7.3,17.8,2.43,11.7,15.8,3.0,Bessemer Steel,0.88
35.07,6.35,17.04,5.9,14.29,14.15,2.89,Wrought Iron,3.3
137.0,4.7,34.8,10.12,14.9,45.8,3.0,Bessemer Steel,9.32
51.5,4.9,28.4,11.6,9.6,22.3,3.0,Bessemer Steel,7.8
51.52,4.92,28.19,7.5,9.74,22.42,1.52,Wrought Iron,6.12
21.22,4.32,34.21,16.7,3.91,63.6,1.48,Wrought Iron,5.47
177.9,4.8,29.1,12.0,18.2,46.1,1.5,Open Hearth iron,4.2
17.7,7.6,25.7,2.59,2.6,46.1,1.5,Bessemer Steel,0.78
14.94,6.79,7.54,4.1,23.22,31.07,3.07,Bessemer Steel,2.55
3.3,7.6,37.0,8.57,8.7,70.1,1.5,Open Hearth iron,4.01
6.13,6.45,41.16,5.59,32.59,45.11,3.0,Open Hearth iron,5.4
12.15,7.0,28.6,9.6,1.1,52.5,1.5,Bessemer Steel,8.8
5.74,3.84,42.59,12.0,1.85,87.84,1.43,Wrought Iron,8.42
46.93,6.75,16.17,3.82,30.04,20.56,1.5,Wrought Iron,0.68
6.87,7.43,37.43,12.1,2.15,44.9,3.07,Bessemer Steel,6.54
2.34,8.8,28.7,7.5,5.0,24.5,1.5,Bessemer Steel,21.0
386.07,4.56,3.05,12.1,32.12,2.44,3.1,Bessemer Steel,2.24
137.0,4.7,34.8,9.58,14.9,45.8,1.5,Wrought Iron,9.89
431.0,5.9,12.2,1.9,40.6,7.2,1.5,Bessemer Steel,0.2
431.0,5.9,12.2,1.9,40.6,7.2,1.5,Open Hearth iron,0.2
74.54,6.7,13.11,8.1,27.83,6.37,1.59,Wrought Iron,4.27
2.78,9.4,24.7,8.1,6.1,6.2,3.0,Bessemer Steel,19.31
82.9,4.4,22.2,10.11,12.0,26.5,3.0,Bessemer Steel,6.93
57.0,7.3,17.8,9.66,11.7,15.8,3.0,Bessemer Steel,2.84
51.5,4.9,28.4,1.7,9.6,22.3,3.0,Wrought Iron,1.4
17.7,7.6,25.7,6.1,2.6,46.1,1.5,Bessemer Steel,1.6
13.2,5.3,33.1,15.64,6.9,40.3,3.0,Wrought Iron,5.83
17.8,7.46,25.83,12.1,2.68,46.02,3.02,Open Hearth iron,3.06
0.6,3.1,55.4,8.48,68.9,65.0,1.5,Wrought Iron,14.31
4.08,6.8,24.6,7.7,2.5,62.6,3.0,Bessemer Steel,13.2
35.2,6.2,17.2,7.66,14.4,13.9,1.5,Bessemer Steel,4.18
30.57,5.87,30.16,5.23,3.98,36.84,3.0,Wrought Iron,3.59
28.2,6.8,24.8,7.67,15.8,52.1,1.5,Bessemer Steel,3.0
9.7,6.0,33.0,8.35,2.3,47.1,3.0,Wrought Iron,7.19
35.2,6.2,17.2,3.8,14.4,13.9,1.5,Bessemer Steel,2.4
23.7,6.2,31.2,3.91,10.8,30.9,1.5,Bessemer Steel,2.39
2.63,7.4,14.8,1.64,18.7,26.7,3.0,Wrought Iron,1.4
0.6,3.1,55.4,8.0,68.9,65.0,3.0,Open Hearth iron,10.8
17.56,7.61,25.81,4.0,2.65,46.1,2.94,Open Hearth iron,1.19
57.0,7.3,17.8,9.6,11.7,15.8,3.0,Bessemer Steel,2.8
6.79,7.26,37.56,6.0,1.94,44.97,2.96,Bessemer Steel,3.84
17.8,7.2,25.8,11.7,9.5,36.0,3.0,Bessemer Steel,3.3
8.0,6.8,72.8,2.86,34.0,46.2,3.0,Wrought Iron,2.68
386.0,4.5,3.0,17.2,32.1,2.6,3.0,Bessemer Steel,2.8
49.0,6.7,23.4,6.46,14.7,35.1,3.0,Wrought Iron,2.93
12.76,4.32,34.46,5.9,26.71,70.97,1.52,Bessemer Steel,9.76
28.93,7.59,22.27,7.6,3.76,36.39,3.08,Wrought Iron,3.33
66.7,5.6,22.2,8.0,7.0,17.7,1.5,Open Hearth iron,5.2
83.0,4.42,22.22,4.1,11.98,26.51,1.71,Bessemer Steel,3.04
2.78,9.4,24.7,7.93,6.1,6.2,1.5,Bessemer Steel,18.49
28.24,6.88,24.7,11.6,15.75,52.16,1.48,Open Hearth iron,4.54
20.6,7.3,18.0,8.43,10.9,26.0,3.0,Open Hearth iron,2.06
51.5,4.9,28.4,8.53,9.6,22.3,1.5,Bessemer Steel,5.94
112.0,3.8,7.0,10.1,3.5,4.5,3.0,Wrought Iron,8.2
205.04,4.69,2.91,8.0,38.06,0.46,3.02,Wrought Iron,2.17
205.12,4.69,2.86,1.8,38.28,0.61,1.68,Bessemer Steel,1.62
51.51,4.85,28.1,3.6,9.78,22.55,1.41,Open Hearth iron,3.14
112.0,3.8,7.0,10.1,3.5,4.5,3.0,Bessemer Steel,8.5
9.9,5.89,32.98,8.0,2.31,47.04,3.01,Wrought Iron,7.05
5.7,3.7,42.6,10.8,1.9,87.8,3.0,Wrought Iron,7.1
2.78,9.4,24.7,3.4,6.1,6.2,3.0,Open Hearth iron,9.88
1.27,7.02,29.35,11.6,7.11,32.27,1.39,Open Hearth iron,5.09
3.05,9.36,21.74,1.9,34.71,9.44,3.01,Wrought Iron,3.89
2.34,8.8,28.7,9.24,5.0,24.5,1.5,Bessemer Steel,28.12
74.62,6.55,12.83,1.2,27.82,6.67,1.34,Wrought Iron,1.15
28.26,7.0,24.86,16.9,15.84,52.11,3.13,Bessemer Steel,5.05
15.0,7.0,7.6,10.79,23.2,30.9,1.5,Open Hearth iron,4.0
11.4,7.3,28.4,5.6,16.6,20.3,3.0,Wrought Iron,2.9
74.4,5.6,24.2,5.96,7.5,15.3,1.5,Bessemer Steel,2.7
17.7,7.6,25.7,12.1,2.6,46.1,3.0,Wrought Iron,3.2
178.02,4.74,29.12,3.8,18.18,46.08,1.6,Wrought Iron,3.09
9.7,6.0,33.0,11.68,2.3,47.1,1.5,Open Hearth iron,6.9
4.08,6.8,24.6,9.0,2.5,62.6,3.0,Wrought Iron,16.8
177.9,4.8,29.1,7.22,18.2,46.1,3.0,Open Hearth iron,3.93
21.31,4.44,34.18,1.0,3.82,63.76,2.99,Bessemer Steel,0.68
31.9,7.1,12.4,1.9,33.5,12.8,1.5,Open Hearth iron,0.2
82.9,4.4,22.2,3.44,12.0,26.5,3.0,Wrought Iron,2.7
13.2,5.3,33.1,7.9,6.9,40.3,3.0,Bessemer Steel,4.6
2.94,9.45,24.71,10.3,6.09,6.11,1.69,Bessemer Steel,18.77
5.7,3.7,42.6,8.0,1.9,87.8,3.0,Bessemer Steel,3.9
3.3,7.6,37.0,7.5,8.7,70.1,1.5,Open Hearth iron,3.29
11.38,7.25,28.36,7.7,16.59,20.32,3.02,Bessemer Steel,2.26
49.0,6.7,23.4,1.4,14.7,35.1,3.0,Wrought Iron,1.4
31.8,5.82,30.38,4.75,10.45,28.39,1.5,Wrought Iron,3.58
12.15,7.0,28.6,1.0,1.1,46.2,1.5,Open Hearth iron,1.1
2.78,9.4,24.7,5.49,6.1,6.2,3.0,Open Hearth iron,13.53
59.8,4.5,30.8,12.92,4.4,51.7,3.0,Wrought Iron,10.36
17.73,7.51,25.81,4.0,2.51,46.13,1.63,Wrought Iron,2.12
35.2,6.2,17.2,5.57,14.4,13.9,1.5,Open Hearth iron,2.35
51.5,4.9,28.4,7.34,9.6,22.3,1.5,Open Hearth iron,5.65
386.0,4.5,3.0,1.45,32.1,2.6,3.0,Bessemer Steel,0.31
28.9,7.5,22.4,1.98,3.8,36.3,1.5,Open Hearth iron,1.39
17.7,7.6,25.7,5.94,2.6,46.1,1.5,Bessemer Steel,1.58
17.8,7.2,25.8,1.0,9.5,36.0,3.0,Wrought Iron,0.3
74.4,5.6,24.2,1.65,7.5,15.3,3.0,Open Hearth iron,1.47
111.85,4.53,13.81,8.0,15.97,17.54,2.89,Open Hearth iron,2.1
31.9,7.1,12.4,17.5,33.5,12.8,3.0,Open Hearth iron,4.8
9.7,6.0,33.0,10.35,2.3,47.1,3.0,Wrought Iron,8.19
29.8,7.3,46.4,5.07,20.9,18.6,1.5,Wrought Iron,2.12
29.8,7.3,46.4,3.58,20.9,18.6,3.0,Bessemer Steel,2.17
1.3,7.0,29.4,9.42,7.2,32.4,1.5,Open Hearth iron,4.49
48.85,6.71,23.46,8.2,14.71,35.06,3.12,Wrought Iron,3.5
49.0,6.7,23.4,6.77,14.7,35.1,1.5,Open Hearth iron,3.06
6.84,7.3,37.6,5.9,2.0,44.9,1.5,Bessemer Steel,3.4
431.0,5.9,12.2,4.1,40.6,7.2,3.0,Bessemer Steel,0.5
11.4,7.3,28.4,6.05,16.6,20.3,3.0,Wrought Iron,2.75
9.7,6.0,33.0,3.42,2.3,47.1,3.0,Wrought Iron,3.59
386.0,4.5,3.0,11.37,32.1,2.6,1.5,Open Hearth iron,2.08
66.7,5.6,22.2,4.85,7.0,17.7,1.5,Open Hearth iron,4.02
31.9,7.1,12.4,6.31,33.5,12.8,3.0,Bessemer Steel,2.58
13.2,5.3,33.1,1.73,6.9,40.3,3.0,Open Hearth iron,0.82
5.7,3.7,42.6,8.0,1.9,87.8,3.0,Wrought Iron,4.3
82.9,4.4,22.2,3.11,12.0,26.5,3.0,Bessemer Steel,2.99
49.0,6.7,23.4,12.0,14.7,35.1,3.0,Open Hearth iron,4.3
204.95,4.61,2.88,17.6,38.1,0.73,3.04,Open Hearth iron,4.45
5.7,3.7,42.6,12.0,1.9,87.8,3.0,Wrought Iron,8.3
11.49,7.35,28.42,9.9,16.69,20.27,1.48,Bessemer Steel,3.28
4.08,6.8,24.6,2.39,2.5,62.6,3.0,Wrought Iron,3.45
17.7,7.6,25.7,8.0,2.6,46.1,3.0,Bessemer Steel,2.0
3.3,7.6,37.0,1.1,8.7,70.1,3.0,Open Hearth iron,0.6
29.8,7.3,46.4,16.9,20.9,18.6,1.5,Wrought Iron,5.1
4.89,7.5,54.4,4.11,5.7,70.4,3.0,Bessemer Steel,3.88
66.7,5.6,22.2,11.61,7.0,17.7,1.5,Open Hearth iron,6.82
13.15,7.0,28.8,9.05,4.9,35.8,3.0,Wrought Iron,5.48
74.4,5.6,24.2,5.77,7.5,15.3,1.5,Open Hearth iron,2.43
112.0,4.5,13.8,12.0,16.0,17.6,1.5,Bessemer Steel,2.9
4.89,7.5,54.4,2.12,5.7,70.4,3.0,Bessemer Steel,2.76
85.0,4.9,29.4,7.6,5.4,1.2,1.5,Bessemer Steel,4.2
20.6,7.3,18.0,15.36,10.9,26.0,3.0,Open Hearth iron,1.22
2.29,8.83,28.74,14.5,4.97,24.56,1.58,Bessemer Steel,35.17
5.08,7.63,54.31,2.0,5.67,70.45,1.65,Bessemer Steel,2.14
74.4,5.6,24.2,4.0,7.5,15.3,1.5,Bessemer Steel,2.7
74.38,5.62,24.16,10.0,7.42,15.32,3.2,Bessemer Steel,4.79
6.85,7.25,37.75,2.2,1.94,44.87,1.47,Wrought Iron,1.95
177.9,4.8,29.1,7.9,18.2,46.1,1.5,Open Hearth iron,3.7
79.77,6.41,15.78,10.45,26.0,13.4,3.0,Open Hearth iron,3.82
431.0,5.9,12.2,3.16,40.6,7.2,3.0,Bessemer Steel,0.37
13.15,7.0,28.8,17.5,4.9,35.8,3.0,Bessemer Steel,8.6
82.84,4.37,22.17,7.8,11.93,26.47,3.25,Bessemer Steel,4.47
13.2,5.3,33.1,2.14,6.9,40.3,1.5,Wrought Iron,1.3
35.18,6.18,17.03,9.8,14.48,13.84,1.8,Open Hearth iron,4.04
8.0,6.8,72.8,8.34,34.0,46.2,1.5,Open Hearth iron,9.35
386.0,4.5,3.0,5.77,32.1,2.6,1.5,Open Hearth iron,0.84
82.95,4.45,22.24,6.0,12.16,26.49,3.08,Wrought Iron,5.59
8.0,6.8,72.8,7.6,34.0,46.2,1.5,Wrought Iron,9.2
3.32,7.61,36.86,1.1,8.57,70.34,3.04,Open Hearth iron,0.63
8.0,6.8,72.8,10.91,34.0,46.2,3.0,Open Hearth iron,10.93
57.0,7.3,17.8,11.7,11.7,15.8,3.0,Wrought Iron,3.6
17.8,7.2,25.8,2.9,9.5,36.0,3.0,Wrought Iron,0.58
5.7,3.7,42.6,2.4,1.9,87.8,3.0,Wrought Iron,1.18
28.2,6.8,24.8,3.5,15.8,52.1,3.0,Bessemer Steel,1.9
114.0,4.5,13.0,2.3,34.7,5.6,1.5,Open Hearth iron,0.27
15.0,7.0,7.6,10.5,23.2,30.9,3.0,Wrought Iron,4.45
2.69,7.48,14.68,3.8,18.61,26.58,1.38,Open Hearth iron,3.67
5.55,3.74,42.77,4.1,2.14,87.82,1.4,Open Hearth iron,3.18
114.0,4.5,13.0,11.12,34.7,5.6,1.5,Wrought Iron,1.31
13.15,7.0,28.8,8.72,4.9,35.8,3.0,Open Hearth iron,5.95
3.3,7.6,37.0,7.7,8.7,70.1,3.0,Bessemer Steel,4.2
137.0,4.7,34.8,11.38,14.9,45.8,3.0,Wrought Iron,8.87
110.0,5.3,32.0,4.0,15.5,53.1,1.5,Bessemer Steel,1.2
57.0,7.3,17.8,3.7,11.7,15.8,3.0,Bessemer Steel,1.3
35.11,6.15,17.15,11.8,14.48,13.79,1.52,Wrought Iron,4.6
6.7,4.6,55.26,3.08,20.88,29.34,1.5,Bessemer Steel,6.73
20.65,7.35,17.94,8.2,11.12,26.15,3.02,Open Hearth iron,2.16
4.87,4.78,51.96,10.58,14.62,21.58,1.5,Bessemer Steel,21.59
24.27,7.25,36.9,8.38,15.64,26.62,3.0,Bessemer Steel,1.73
82.9,4.4,22.2,2.0,12.0,26.5,1.5,Bessemer Steel,2.1
114.0,4.5,13.0,3.21,34.7,5.6,3.0,Wrought Iron,0.34
57.0,7.3,17.8,1.0,11.7,15.8,3.0,Wrought Iron,0.3
28.2,6.8,24.8,11.5,15.8,52.1,3.0,Wrought Iron,4.9
17.8,7.2,25.8,2.24,9.5,36.0,1.5,Bessemer Steel,0.86
17.7,7.24,25.98,1.0,9.58,35.99,2.99,Open Hearth iron,0.52
41.92,6.03,39.11,10.19,8.69,49.56,1.5,Bessemer Steel,6.46
301.43,5.43,19.19,12.28,28.93,25.03,1.5,Wrought Iron,1.32
9.7,6.0,33.0,8.03,2.3,47.1,3.0,Bessemer Steel,8.21
1.66,5.6,43.6,9.1,3.47,9.8,1.5,Bessemer Steel,4.7
431.0,5.9,12.2,12.93,40.6,7.2,3.0,Open Hearth iron,1.22
19.7,4.6,28.4,8.93,3.9,34.2,3.0,Open Hearth iron,2.72
2.63,7.4,14.8,7.7,18.7,26.7,1.5,Wrought Iron,5.6
11.4,7.3,28.4,10.05,16.6,20.3,3.0,Open Hearth iron,3.31
1.66,5.6,43.6,5.96,3.47,9.8,1.5,Bessemer Steel,2.47
21.21,7.23,31.65,12.45,12.74,31.06,1.5,Wrought Iron,3.26
27.18,7.16,19.25,4.24,11.78,28.11,1.5,Wrought Iron,1.8
56.83,7.25,17.56,9.7,11.67,15.76,1.43,Bessemer Steel,2.58
114.0,4.5,13.0,15.66,34.7,5.6,3.0,Wrought Iron,1.34
0.6,3.1,55.4,6.2,68.9,65.0,3.0,Wrought Iron,7.2
17.7,7.6,25.7,7.85,2.6,46.1,1.5,Bessemer Steel,1.78
1.3,7.0,29.4,5.23,7.2,32.4,1.5,Wrought Iron,2.05
110.0,5.3,32.0,6.11,15.5,53.1,3.0,Bessemer Steel,1.32
2.63,7.4,14.8,2.51,18.7,26.7,3.0,Bessemer Steel,2.26
8.0,6.8,72.8,11.08,34.0,46.2,3.0,Wrought Iron,12.99
205.03,4.6,2.71,4.1,38.02,0.53,1.57,Wrought Iron,1.57
4.99,7.55,36.17,11.07,9.18,68.88,3.0,Bessemer Steel,7.78
82.9,4.4,22.2,11.11,12.0,26.5,3.0,Bessemer Steel,7.23
28.2,6.8,24.8,1.17,15.8,52.1,3.0,Bessemer Steel,0.69
112.0,3.8,7.0,2.0,3.5,4.5,1.5,Bessemer Steel,2.4
431.0,5.9,12.2,12.1,40.6,7.2,1.5,Bessemer Steel,0.9
1.3,7.0,29.4,7.64,7.2,32.4,1.5,Wrought Iron,4.16
110.0,5.3,32.0,3.5,15.5,53.1,1.5,Wrought Iron,0.99
12.7,4.2,34.5,9.23,26.6,71.2,3.0,Open Hearth iron,15.72
19.7,4.6,28.4,9.7,3.9,34.2,3.0,Bessemer Steel,3.1
112.2,3.58,6.9,12.0,3.54,4.49,1.58,Bessemer Steel,8.59
6.84,7.3,37.6,3.82,2.0,44.9,1.5,Open Hearth iron,2.81
8.38,7.35,50.11,3.13,6.7,63.89,1.5,Open Hearth iron,2.6
15.0,7.0,7.6,7.51,23.2,30.9,1.5,Open Hearth iron,5.14
1.3,7.0,29.4,5.7,7.2,32.4,3.0,Bessemer Steel,2.5
114.11,4.53,12.87,4.0,34.85,5.59,1.66,Bessemer Steel,0.31
59.8,4.5,30.8,1.55,4.4,51.7,3.0,Open Hearth iron,1.76
431.0,5.9,12.2,3.34,40.6,7.2,3.0,Open Hearth iron,0.53
35.2,6.2,17.2,8.55,14.4,13.9,1.5,Open Hearth iron,2.69
20.6,7.3,18.0,4.1,10.9,26.0,1.5,Open Hearth iron,1.7
2.78,9.4,24.7,10.2,6.1,6.2,3.0,Bessemer Steel,21.7
2.97,9.64,21.9,1.8,34.41,9.3,1.51,Open Hearth iron,2.43
82.9,4.4,22.2,11.6,12.0,26.5,1.5,Wrought Iron,7.88
114.02,4.56,12.98,7.8,34.65,5.7,1.44,Bessemer Steel,0.77
136.95,4.82,34.83,10.2,15.03,45.72,1.5,Wrought Iron,10.81
66.7,5.6,22.2,12.0,7.0,17.7,3.0,Bessemer Steel,6.9
20.6,7.3,18.0,16.24,10.9,26.0,1.5,Wrought Iron,3.77
59.8,4.5,30.8,1.98,4.4,51.7,1.5,Wrought Iron,2.01
10.07,8.84,31.16,1.0,7.28,31.21,2.87,Wrought Iron,0.51
3.69,7.37,14.19,10.83,19.08,27.06,3.0,Open Hearth iron,10.43
5.7,3.7,42.6,7.73,1.9,87.8,1.5,Open Hearth iron,4.38
51.5,4.9,28.4,3.7,9.6,22.3,1.5,Wrought Iron,3.9
28.9,7.5,22.4,3.51,3.8,36.3,1.5,Bessemer Steel,2.26
5.66,3.7,42.8,17.6,1.76,87.75,3.13,Wrought Iron,9.71
3.3,7.6,37.0,3.52,8.7,70.1,1.5,Open Hearth iron,1.78
19.7,4.6,28.4,6.59,3.9,34.2,1.5,Bessemer Steel,2.53
160.34,4.93,28.01,14.99,16.43,41.61,3.0,Open Hearth iron,3.76
28.25,6.59,24.77,16.9,16.01,52.19,1.37,Open Hearth iron,5.47
35.2,6.2,17.2,3.49,14.4,13.9,1.5,Open Hearth iron,1.81
13.15,7.0,28.8,6.2,4.9,35.8,1.5,Bessemer Steel,4.8
28.9,7.5,22.4,7.7,3.8,36.3,1.5,Bessemer Steel,2.5
79.59,6.0,24.37,8.01,22.51,37.41,1.5,Open Hearth iron,1.12
59.8,4.5,30.8,3.8,4.4,51.7,3.0,Open Hearth iron,3.4
110.0,5.3,32.0,9.04,15.5,53.1,3.0,Bessemer Steel,1.6
74.6,6.6,13.0,7.9,27.8,6.6,3.0,Wrought Iron,4.7
431.0,5.9,12.2,17.5,40.6,7.2,1.5,Wrought Iron,1.6
386.0,4.5,3.0,12.51,32.1,2.6,3.0,Open Hearth iron,2.53
13.2,5.3,33.1,7.9,6.9,40.3,1.5,Wrought Iron,5.4
90.65,5.15,14.78,5.62,14.81,19.56,1.5,Wrought Iron,1.88
29.11,6.28,29.28,6.98,12.14,31.79,3.0,Open Hearth iron,3.63
8.0,6.8,72.8,1.95,34.0,46.2,1.5,Open Hearth iron,1.5
29.8,7.3,46.4,8.15,20.9,18.6,3.0,Open Hearth iron,1.76
21.73,7.09,25.28,1.66,10.53,34.76,1.5,Bessemer Steel,0.44
28.98,7.44,22.3,5.5,3.76,36.31,2.91,Bessemer Steel,2.89
5.7,3.7,42.6,9.12,1.9,87.8,1.5,Wrought Iron,5.48
17.8,7.2,25.8,6.4,9.5,36.0,1.5,Open Hearth iron,1.74
112.03,3.87,6.97,12.1,3.75,4.48,3.05,Wrought Iron,8.19
9.73,5.94,32.92,8.2,2.19,47.03,1.5,Wrought Iron,6.41
28.88,7.72,22.6,1.0,3.71,36.15,3.08,Bessemer Steel,0.83
386.0,4.5,3.0,12.0,32.1,2.6,3.0,Bessemer Steel,2.2
51.5,4.9,28.4,3.63,9.6,22.3,1.5,Bessemer Steel,3.64
35.2,6.2,17.2,10.32,14.4,13.9,3.0,Wrought Iron,4.96
28.17,6.87,24.76,3.5,15.93,52.24,2.95,Wrought Iron,1.93
10.03,5.93,33.01,11.01,2.73,46.46,3.0,Open Hearth iron,7.85
13.15,7.0,28.8,2.98,4.9,35.8,1.5,Bessemer Steel,1.89
2.78,9.4,24.7,10.12,6.1,6.2,1.5,Bessemer Steel,18.89
3.3,7.6,37.0,9.49,8.7,70.1,1.5,Wrought Iron,4.76
66.7,5.6,22.2,1.1,7.0,17.7,3.0,Bessemer Steel,1.4
5.75,3.95,42.43,5.9,1.81,87.75,1.5,Open Hearth iron,2.96
110.0,5.3,32.0,6.0,15.5,53.1,3.0,Open Hearth iron,1.4
13.31,5.26,33.0,6.1,6.87,40.29,3.01,Wrought Iron,3.25
71.98,4.45,26.27,6.89,8.41,38.42,1.5,Bessemer Steel,4.51
2.83,9.52,21.56,4.2,34.53,9.42,1.27,Wrought Iron,7.08
15.0,7.0,7.6,4.46,23.2,30.9,1.5,Bessemer Steel,2.77
28.9,7.5,22.4,4.0,3.8,36.3,3.0,Wrought Iron,2.22
28.9,7.5,22.4,3.06,3.8,36.3,1.5,Wrought Iron,2.07
200.75,4.77,3.23,17.22,37.34,1.04,3.0,Bessemer Steel,3.99
6.84,7.3,37.6,7.9,2.0,44.9,3.0,Bessemer Steel,4.2
5.05,7.45,54.35,7.9,5.73,70.38,1.66,Bessemer Steel,5.53
2.63,9.31,24.63,6.2,5.98,6.06,2.94,Bessemer Steel,13.76
28.2,6.8,24.8,7.47,15.8,52.1,1.5,Open Hearth iron,3.09
2.78,9.4,24.7,12.1,6.1,6.2,3.0,Bessemer Steel,19.6
28.9,7.5,22.4,7.7,3.8,36.3,1.5,Open Hearth iron,2.7
3.3,7.6,37.0,9.9,8.7,70.1,3.0,Bessemer Steel,5.6
29.8,7.3,46.4,8.46,20.9,18.6,3.0,Wrought Iron,2.0
35.2,6.2,17.2,3.8,14.4,13.9,3.0,Bessemer Steel,2.2
2.78,9.4,24.7,9.55,6.1,6.2,3.0,Wrought Iron,19.38
57.05,7.33,17.68,5.9,11.81,15.59,1.36,Open Hearth iron,1.93
8.0,6.8,72.8,1.73,34.0,46.2,1.5,Wrought Iron,1.19
10.01,8.67,31.19,3.6,7.27,31.09,1.46,Open Hearth iron,1.31
57.0,7.3,17.8,11.7,11.7,15.8,1.5,Open Hearth iron,3.1
12.7,4.2,34.5,8.0,26.6,71.2,3.0,Wrought Iron,10.9
10.06,8.96,31.17,11.5,7.24,31.29,1.47,Wrought Iron,4.18
29.73,7.18,46.37,3.5,21.07,18.69,3.06,Open Hearth iron,1.83
1.3,7.0,29.4,5.98,7.2,32.4,3.0,Open Hearth iron,2.85
15.14,7.09,7.6,1.5,23.2,30.92,3.01,Open Hearth iron,1.05
74.6,6.6,13.0,3.49,27.8,6.6,1.5,Wrought Iron,1.93
59.89,4.4,30.89,16.9,4.32,51.65,3.14,Bessemer Steel,9.57
31.9,7.1,12.4,17.5,33.5,12.8,3.0,Bessemer Steel,5.3
8.0,6.8,72.8,3.7,34.0,46.2,1.5,Wrought Iron,3.3
3.3,7.6,37.0,10.18,8.7,70.1,3.0,Open Hearth iron,5.69
12.7,4.2,34.5,4.47,26.6,71.2,3.0,Wrought Iron,7.59
31.77,7.1,12.48,12.0,33.52,12.99,1.43,Wrought Iron,4.37
15.0,7.0,7.6,5.1,23.2,30.9,1.5,Wrought Iron,2.8
1.3,7.0,29.4,17.0,7.2,32.4,1.5,Bessemer Steel,5.4
35.24,6.29,17.25,9.9,14.51,13.92,2.92,Bessemer Steel,4.52
0.58,3.24,55.24,1.4,68.72,64.9,2.81,Bessemer Steel,2.37
1.3,7.0,29.4,17.0,7.2,32.4,3.0,Bessemer Steel,6.9
5.7,3.7,42.6,5.07,1.9,87.8,3.0,Bessemer Steel,3.14
9.96,8.79,31.11,11.54,7.26,31.18,3.0,Bessemer Steel,3.39
82.79,4.41,22.16,6.0,11.96,26.66,3.01,Bessemer Steel,5.03
20.6,7.3,18.0,17.5,10.9,26.0,3.0,Wrought Iron,1.2
13.17,6.8,28.94,8.1,4.94,35.78,2.76,Bessemer Steel,5.94
29.76,7.3,46.35,16.7,20.98,18.57,3.04,Open Hearth iron,4.37
19.7,4.6,28.4,11.6,3.9,34.2,1.5,Bessemer Steel,3.1
110.0,5.3,32.0,5.78,15.5,53.1,1.5,Open Hearth iron,1.13
74.6,6.6,13.0,6.1,27.8,6.6,3.0,Bessemer Steel,3.4
112.0,3.8,7.0,2.0,3.5,4.5,1.5,Open Hearth iron,2.3
12.15,7.0,28.6,1.64,1.1,52.5,3.0,Wrought Iron,1.93
3.28,7.58,36.97,3.8,8.72,70.27,2.97,Wrought Iron,1.45
188.66,4.99,4.46,15.86,35.18,2.28,3.0,Open Hearth iron,4.05
51.5,4.9,28.4,9.6,9.6,22.3,1.5,Bessemer Steel,6.1
3.3,7.6,37.0,7.68,8.7,70.1,1.5,Bessemer Steel,3.19
3.36,7.65,36.86,5.8,8.73,70.0,1.6,Wrought Iron,3.22
4.08,6.8,24.6,1.6,2.5,62.6,3.0,Wrought Iron,2.1
19.7,4.6,28.4,8.05,3.9,34.2,3.0,Wrought Iron,2.55
386.0,4.5,3.0,8.07,32.1,2.6,3.0,Bessemer Steel,2.2
12.28,6.99,28.64,9.8,1.17,52.55,1.47,Open Hearth iron,8.14
5.68,3.67,42.69,17.6,1.73,87.76,3.05,Open Hearth iron,8.46
2.18,2.6,43.4,6.06,33.2,46.2,1.5,Bessemer Steel,8.99
23.7,6.2,31.2,4.0,10.8,30.9,1.5,Open Hearth iron,2.5
112.0,4.5,13.8,8.41,16.0,17.6,3.0,Open Hearth iron,2.08
74.29,5.84,24.2,3.9,7.55,15.2,2.94,Open Hearth iron,3.07
57.0,7.3,17.8,4.98,11.7,15.8,3.0,Open Hearth iron,1.85
28.9,7.5,22.4,3.6,3.8,36.3,1.5,Wrought Iron,2.4
0.56,3.11,55.5,9.9,68.84,65.0,2.82,Wrought Iron,10.33
3.21,7.59,37.01,11.9,8.68,70.11,1.57,Wrought Iron,6.87
3.25,7.52,36.96,5.9,8.58,70.12,3.12,Wrought Iron,2.87
204.79,4.64,2.87,17.7,38.03,0.74,2.94,Bessemer Steel,4.15
23.56,6.18,31.04,4.1,10.71,30.82,2.83,Open Hearth iron,3.0
6.84,7.3,37.6,17.6,2.0,44.9,1.5,Open Hearth iron,7.8
6.84,7.3,37.6,2.1,2.0,44.9,1.5,Wrought Iron,2.0
3.3,7.6,37.0,3.8,8.7,70.1,3.0,Bessemer Steel,1.9
7.12,4.2,57.8,7.5,22.4,29.8,1.5,Bessemer Steel,21.0
28.2,6.8,24.8,2.21,15.8,52.1,1.5,Bessemer Steel,1.43
112.0,4.5,13.8,12.0,16.0,17.6,1.5,Open Hearth iron,2.5
49.0,6.7,23.4,4.0,14.7,35.1,1.5,Bessemer Steel,1.9
4.89,7.5,54.4,4.73,5.7,70.4,1.5,Open Hearth iron,4.6
114.0,4.5,13.0,14.81,34.7,5.6,3.0,Bessemer Steel,1.51
13.2,5.3,33.1,12.0,6.9,40.3,1.5,Bessemer Steel,5.3
7.0,7.49,37.5,12.1,2.08,44.9,1.6,Wrought Iron,6.94
10.0,8.8,31.2,2.57,7.2,31.2,3.0,Open Hearth iron,0.95
1.3,7.0,29.4,15.79,7.2,32.4,1.5,Wrought Iron,5.83
0.6,3.1,55.4,10.6,68.9,65.0,1.5,Open Hearth iron,12.9
3.3,7.6,37.0,9.9,8.7,70.1,1.5,Open Hearth iron,5.1
15.0,7.0,7.6,8.0,23.2,30.9,3.0,Open Hearth iron,3.6
29.8,7.3,46.4,3.9,20.9,18.6,3.0,Wrought Iron,1.76
205.02,4.66,2.67,6.0,38.11,0.59,1.43,Bessemer Steel,2.0
28.2,6.8,24.8,3.96,15.8,52.1,3.0,Wrought Iron,2.06
19.7,4.6,28.4,3.62,3.9,34.2,1.5,Bessemer Steel,2.15
8.0,6.8,72.8,7.19,34.0,46.2,1.5,Wrought Iron,8.15
205.0,4.7,2.8,2.75,38.1,0.6,1.5,Open Hearth iron,1.16
21.2,4.4,34.3,1.59,3.7,63.6,3.0,Wrought Iron,1.09
114.0,4.5,13.0,5.48,34.7,5.6,3.0,Wrought Iron,0.89
137.03,4.6,34.75,6.0,15.08,45.68,1.5,Bessemer Steel,7.38
5.7,3.7,42.6,6.56,1.9,87.8,1.5,Wrought Iron,3.94
3.3,7.6,37.0,9.9,8.7,70.1,1.5,Bessemer Steel,4.6
59.8,4.5,30.8,10.97,4.4,51.7,1.5,Wrought Iron,8.3
13.15,7.0,28.8,2.6,4.9,35.8,1.5,Wrought Iron,1.32
21.2,4.4,34.3,2.63,3.7,63.6,3.0,Open Hearth iron,2.07
2.17,2.57,43.44,7.4,33.09,46.29,1.48,Bessemer Steel,10.94
82.9,4.37,21.94,4.0,12.0,26.41,2.92,Wrought Iron,2.64
49.0,6.7,23.4,9.0,14.7,35.1,3.0,Bessemer Steel,3.82
3.19,7.51,16.05,1.99,17.82,27.04,1.5,Bessemer Steel,1.47
7.34,7.27,36.76,2.99,1.92,45.61,1.5,Open Hearth iron,2.55
13.15,5.59,33.18,17.3,6.95,40.38,3.03,Bessemer Steel,7.05
4.08,6.8,24.6,8.17,2.5,62.6,1.5,Open Hearth iron,13.08
11.4,7.3,28.4,5.55,16.6,20.3,1.5,Bessemer Steel,2.57
12.15,7.0,28.6,8.01,1.1,52.5,3.0,Open Hearth iron,6.33
0.6,3.1,55.4,2.72,68.9,65.0,3.0,Bessemer Steel,4.64
4.08,6.8,24.6,4.72,2.5,62.6,1.5,Wrought Iron,7.85
5.6,3.67,42.61,8.0,1.93,87.81,2.83,Wrought Iron,4.14
12.66,4.39,34.65,12.1,26.56,71.2,1.49,Bessemer Steel,19.31
13.2,5.3,33.1,11.71,6.9,40.3,1.5,Bessemer Steel,5.26
19.77,4.65,28.34,7.6,4.02,34.13,1.49,Bessemer Steel,2.88
21.0,7.72,26.08,5.53,7.41,12.22,3.0,Open Hearth iron,6.65
6.62,7.01,36.5,4.03,7.77,68.89,1.5,Wrought Iron,1.59
205.0,4.7,2.8,6.0,38.1,0.6,1.5,Wrought Iron,1.8
28.2,6.8,24.8,3.5,15.8,52.1,1.5,Bessemer Steel,2.0
57.0,7.3,17.8,5.85,11.7,15.8,3.0,Bessemer Steel,2.59
23.7,6.2,31.2,4.0,10.8,30.9,1.5,Bessemer Steel,2.4
51.5,4.9,28.4,2.28,9.6,22.3,1.5,Wrought Iron,2.27
11.4,7.3,28.4,7.7,16.6,20.3,1.5,Bessemer Steel,3.0
66.7,5.6,22.2,11.28,7.0,17.7,1.5,Wrought Iron,6.38
205.0,4.7,2.8,12.0,38.1,0.6,1.5,Wrought Iron,3.0
16.86,5.37,44.36,8.9,10.7,55.76,3.0,Bessemer Steel,2.54
12.08,6.97,28.36,11.5,1.15,52.64,1.58,Wrought Iron,8.6
354.89,6.1,15.22,4.74,34.1,12.41,1.5,Wrought Iron,1.89
5.57,3.65,42.8,2.0,1.99,87.91,1.57,Wrought Iron,0.57
82.9,4.4,22.2,2.0,12.0,26.5,1.5,Wrought Iron,2.5
56.83,7.39,17.63,7.6,11.68,15.74,2.91,Open Hearth iron,2.7
385.82,4.49,2.9,12.1,31.92,2.46,1.6,Open Hearth iron,2.15
28.2,6.8,24.8,3.03,15.8,52.1,1.5,Wrought Iron,2.09
13.15,7.0,28.8,4.1,4.9,35.8,3.0,Open Hearth iron,2.1
386.01,4.56,3.06,6.1,32.12,2.53,3.05,Open Hearth iron,1.32
17.8,7.2,25.8,4.62,9.5,36.0,1.5,Bessemer Steel,1.63
57.0,7.3,17.8,7.6,11.7,15.8,1.5,Wrought Iron,2.8
8.0,6.8,72.8,1.0,34.0,46.2,3.0,Open Hearth iron,0.4
8.0,6.8,72.8,2.42,34.0,46.2,3.0,Bessemer Steel,2.08
30.04,7.27,46.47,5.3,20.8,18.57,3.14,Open Hearth iron,1.25
5.7,5.92,31.37,5.31,14.69,47.38,3.0,Open Hearth iron,7.59
85.0,4.9,29.4,14.3,5.4,1.2,1.5,Bessemer Steel,4.4
66.7,5.6,22.2,7.04,7.0,17.7,1.5,Bessemer Steel,4.95
431.0,5.9,12.2,1.9,40.6,7.2,3.0,Bessemer Steel,0.2
4.17,6.72,24.61,7.8,2.58,62.71,1.51,Bessemer Steel,14.95
51.5,4.9,28.4,4.58,9.6,22.3,1.5,Bessemer Steel,4.49
110.04,5.37,32.1,7.9,15.58,53.08,1.68,Bessemer Steel,1.37
57.0,7.3,17.8,3.09,11.7,15.8,1.5,Wrought Iron,1.51
10.11,8.76,20.7,4.83,30.01,10.4,3.0,Wrought Iron,4.36
28.9,7.5,22.4,6.32,3.8,36.3,1.5,Open Hearth iron,2.51
12.15,7.0,28.6,1.0,1.1,52.5,3.0,Open Hearth iron,1.4
110.0,5.3,32.0,10.27,15.5,53.1,3.0,Open Hearth iron,1.83
11.4,7.3,28.4,11.7,16.6,20.3,3.0,Wrought Iron,2.0
15.0,7.0,7.6,10.2,23.2,30.9,1.5,Wrought Iron,4.7
17.8,7.2,25.8,3.94,9.5,36.0,3.0,Open Hearth iron,1.0
78.41,6.92,15.63,3.42,15.52,13.6,1.5,Open Hearth iron,0.88
49.14,6.68,23.38,12.0,14.71,35.22,3.11,Wrought Iron,5.71
51.5,4.9,28.4,2.79,9.6,22.3,3.0,Bessemer Steel,2.55
59.8,4.5,30.8,5.84,4.4,51.7,1.5,Bessemer Steel,5.14
110.0,5.3,32.0,10.0,15.5,53.1,3.0,Bessemer Steel,1.6
114.04,4.48,13.07,6.2,34.75,5.38,2.79,Wrought Iron,1.21
13.2,5.3,33.1,11.0,6.9,40.3,1.5,Wrought Iron,6.0
28.2,6.8,24.8,11.5,15.8,52.1,1.5,Open Hearth iron,4.7
12.7,4.2,34.5,6.0,26.6,71.2,3.0,Wrought Iron,9.2
49.0,6.7,23.4,1.4,14.7,35.1,1.5,Open Hearth iron,1.3
12.16,6.89,28.64,7.6,1.07,52.46,3.0,Open Hearth iron,5.66
74.58,6.55,13.11,8.0,27.85,6.49,2.99,Bessemer Steel,4.63
431.0,5.9,12.2,15.18,40.6,7.2,3.0,Bessemer Steel,1.73
177.9,4.83,29.07,12.1,17.99,46.05,1.55,Wrought Iron,4.66
29.8,7.3,46.4,11.7,20.9,18.6,3.0,Bessemer Steel,3.84
74.4,5.6,24.2,7.87,7.5,15.3,1.5,Bessemer Steel,3.54
0.5,3.15,55.5,8.1,68.97,65.04,1.44,Open Hearth iron,8.91
15.0,7.0,7.6,8.01,23.2,30.9,3.0,Bessemer Steel,4.3
6.84,7.3,37.6,3.51,2.0,44.9,3.0,Wrought Iron,3.09
4.08,6.8,24.6,7.7,2.5,62.6,3.0,Open Hearth iron,16.4
27.85,6.81,24.97,1.15,15.7,52.35,1.5,Bessemer Steel,0.98
35.2,6.2,17.2,10.63,14.4,13.9,1.5,Open Hearth iron,3.92
430.94,5.88,12.16,17.6,40.54,7.3,1.54,Bessemer Steel,1.6
386.0,4.5,3.0,12.0,32.1,2.6,1.5,Open Hearth iron,2.1
28.9,6.84,18.08,2.04,18.32,13.02,1.5,Wrought Iron,1.94
431.0,5.9,12.2,12.49,40.6,7.2,3.0,Bessemer Steel,1.53
15.89,7.4,26.65,11.84,2.11,48.19,1.5,Open Hearth iron,4.3
6.73,7.26,37.64,5.7,2.1,44.93,1.5,Wrought Iron,4.26
29.8,7.3,46.4,3.5,20.9,18.6,1.5,Open Hearth iron,1.6
74.55,6.49,12.9,6.3,27.86,6.71,1.47,Open Hearth iron,3.39
2.91,9.56,24.7,2.0,6.08,6.07,2.87,Bessemer Steel,6.69
23.64,6.2,31.13,6.1,10.74,30.75,3.17,Bessemer Steel,4.62
57.0,7.3,17.8,11.7,11.7,15.8,3.0,Open Hearth iron,3.6
19.7,4.6,28.4,11.54,3.9,34.2,1.5,Bessemer Steel,3.09
21.19,4.26,34.36,11.3,3.62,63.77,2.84,Wrought Iron,4.89
0.51,3.05,55.55,12.0,68.84,64.92,2.99,Bessemer Steel,13.09
431.0,5.9,12.2,12.1,40.6,7.2,3.0,Bessemer Steel,1.5
13.2,5.3,33.1,9.66,6.9,40.3,1.5,Bessemer Steel,4.96
49.0,6.7,23.4,12.0,14.7,35.1,1.5,Wrought Iron,4.8
7.12,4.2,57.8,3.4,22.4,29.8,1.5,Bessemer Steel,8.08
31.9,7.1,12.4,2.58,33.5,12.8,1.5,Wrought Iron,0.72
386.0,4.5,3.0,4.21,32.1,2.6,3.0,Open Hearth iron,0.49
5.83,3.4,42.68,5.9,1.94,87.9,3.1,Wrought Iron,3.04
112.0,3.8,7.0,2.04,3.5,4.5,3.0,Bessemer Steel,2.54
17.54,7.64,25.72,1.4,2.61,46.14,2.82,Bessemer Steel,0.54
57.0,7.3,17.8,5.8,11.7,15.8,1.5,Bessemer Steel,1.8
112.07,3.9,7.16,7.9,3.75,4.39,1.31,Wrought Iron,6.05
22.19,7.24,33.34,11.15,13.67,29.63,1.5,Open Hearth iron,2.2
177.9,4.8,29.1,6.22,18.2,46.1,3.0,Open Hearth iron,3.68
178.1,4.68,29.11,1.9,18.17,45.96,1.42,Open Hearth iron,1.38
6.84,7.3,37.6,2.56,2.0,44.9,3.0,Wrought Iron,2.29
35.2,6.21,17.16,11.7,14.3,13.96,3.16,Open Hearth iron,4.24
7.12,4.2,57.8,7.32,22.4,29.8,1.5,Bessemer Steel,20.37
8.0,6.8,72.8,5.99,34.0,46.2,3.0,Open Hearth iron,5.94
28.9,7.5,22.4,6.89,3.8,36.3,3.0,Open Hearth iron,2.68
21.2,4.4,34.3,1.99,3.7,63.6,1.5,Open Hearth iron,1.26
19.78,4.69,28.35,3.9,3.9,34.31,1.51,Wrought Iron,1.46
51.5,4.9,28.4,7.6,9.6,22.3,1.5,Bessemer Steel,5.8
15.0,7.0,7.6,4.36,23.2,30.9,1.5,Open Hearth iron,2.77
57.0,7.3,17.8,1.3,11.7,15.8,3.0,Open Hearth iron,0.5
17.7,7.51,25.75,4.1,2.72,46.25,2.98,Wrought Iron,1.09
13.15,7.0,28.8,11.7,4.9,35.8,1.5,Open Hearth iron,6.44
111.94,4.57,13.78,17.7,16.34,17.49,1.37,Bessemer Steel,3.77
8.0,6.8,72.8,5.15,34.0,46.2,3.0,Wrought Iron,4.11
66.86,5.65,22.19,6.1,6.88,17.75,1.42,Wrought Iron,4.37
51.5,4.9,28.4,7.18,9.6,22.3,1.5,Wrought Iron,6.03
20.6,7.3,18.0,11.48,10.9,26.0,1.5,Open Hearth iron,1.72
114.15,4.31,13.05,11.9,34.84,5.54,3.01,Wrought Iron,1.24
205.0,4.7,2.8,2.0,38.1,0.6,1.5,Wrought Iron,1.3
82.77,4.25,22.05,7.9,12.01,26.36,1.53,Bessemer Steel,4.64
13.15,7.0,28.8,2.78,4.9,35.8,1.5,Open Hearth iron,1.26
74.4,5.6,24.2,9.29,7.5,15.3,3.0,Wrought Iron,5.17
51.5,4.9,28.4,3.7,9.6,22.3,3.0,Bessemer Steel,3.5
44.96,6.55,16.88,13.37,12.26,23.76,1.5,Wrought Iron,3.33
17.7,7.6,25.7,5.43,2.6,46.1,3.0,Wrought Iron,1.7
13.15,7.0,28.8,8.1,4.9,35.8,1.5,Bessemer Steel,5.2
0.6,3.1,55.4,11.84,68.9,65.0,1.5,Bessemer Steel,17.56
82.92,4.54,22.12,10.0,12.05,26.35,1.62,Wrought Iron,6.32
4.0,6.75,24.57,5.7,2.65,62.53,3.12,Wrought Iron,8.95
6.9,6.92,39.18,4.69,27.55,42.35,3.0,Wrought Iron,4.92
15.0,7.0,7.6,4.18,23.2,30.9,3.0,Wrought Iron,2.47
23.53,6.7,31.52,8.03,11.05,35.65,1.5,Open Hearth iron,3.45
28.9,7.5,22.4,9.6,3.8,36.3,1.5,Bessemer Steel,4.1
4.21,6.87,24.62,8.9,2.42,62.37,2.93,Bessemer Steel,15.41
205.0,4.7,2.8,4.47,38.1,0.6,3.0,Wrought Iron,1.98
3.84,6.38,30.54,3.53,11.52,41.04,1.5,Wrought Iron,4.31
28.9,7.5,22.4,11.6,3.8,36.3,1.5,Bessemer Steel,6.0
31.9,7.1,12.4,7.06,33.5,12.8,1.5,Bessemer Steel,3.24
46.41,5.77,28.01,7.67,5.25,29.06,1.5,Bessemer Steel,3.82
110.0,5.3,32.0,1.4,15.5,53.1,1.5,Open Hearth iron,0.3
0.51,3.05,55.43,4.0,69.0,65.08,3.09,Wrought Iron,4.71
12.7,4.2,34.5,4.1,26.6,71.2,3.0,Wrought Iron,7.2
112.0,4.26,11.44,12.26,11.67,13.06,1.5,Open Hearth iron,2.95
8.0,6.8,72.8,1.0,34.0,46.2,1.5,Bessemer Steel,0.5
2.9,9.5,21.7,1.9,34.5,9.4,1.5,Wrought Iron,3.0
15.67,7.15,12.07,9.41,18.11,34.65,1.5,Wrought Iron,3.96
13.15,7.0,28.8,6.81,4.9,35.8,1.5,Wrought Iron,5.61
2.18,2.6,43.4,5.2,33.2,46.2,1.5,Bessemer Steel,7.6
12.7,4.2,34.5,4.1,26.6,71.2,1.5,Wrought Iron,7.7
28.11,6.95,24.79,5.4,15.87,52.04,1.52,Bessemer Steel,2.56
4.08,6.8,24.6,9.0,2.5,62.6,3.0,Bessemer Steel,15.5
82.9,4.4,22.2,10.44,12.0,26.5,3.0,Wrought Iron,6.21
4.08,6.8,24.6,8.61,2.5,62.6,3.0,Wrought Iron,16.35
34.74,5.2,33.4,14.72,8.29,41.26,3.0,Wrought Iron,5.05
9.57,5.98,32.88,7.9,2.27,47.11,1.62,Bessemer Steel,5.45
110.0,5.3,32.0,11.9,15.5,53.1,3.0,Open Hearth iron,2.0
12.7,4.2,34.5,6.0,26.6,71.2,3.0,Open Hearth iron,9.6
94.86,5.53,22.81,2.44,9.12,14.47,1.5,Bessemer Steel,1.39
431.0,5.9,12.2,7.6,40.6,7.2,3.0,Wrought Iron,0.82
0.6,3.1,55.4,2.01,68.9,65.0,1.5,Wrought Iron,3.09
114.0,4.5,13.0,4.0,34.7,5.6,1.5,Open Hearth iron,0.4
18.0,5.15,28.4,3.26,6.49,31.36,1.5,Wrought Iron,1.19
110.0,5.3,32.0,4.96,15.5,53.1,1.5,Bessemer Steel,1.25
20.56,7.28,17.96,2.0,10.92,26.08,1.37,Bessemer Steel,0.68
7.94,6.56,72.69,3.7,33.9,46.23,3.05,Bessemer Steel,3.53
17.8,7.2,25.8,8.77,9.5,36.0,1.5,Wrought Iron,2.78
35.2,6.2,17.2,6.38,14.4,13.9,1.5,Wrought Iron,3.7
12.15,7.0,28.6,6.4,1.1,52.5,1.5,Open Hearth iron,4.64
35.2,6.2,17.2,2.83,14.4,13.9,3.0,Open Hearth iron,1.59
74.28,5.57,24.35,6.1,7.44,15.25,1.41,Wrought Iron,3.26
82.9,4.4,22.2,2.95,12.0,26.5,1.5,Bessemer Steel,2.53
8.0,6.8,72.8,10.75,34.0,46.2,3.0,Bessemer Steel,12.14
110.0,5.3,32.0,11.22,15.5,53.1,3.0,Open Hearth iron,1.93
113.94,4.29,13.15,4.0,34.8,5.53,1.57,Wrought Iron,0.59
110.16,5.2,31.94,12.0,15.52,52.92,1.51,Bessemer Steel,3.03
112.0,4.5,13.8,6.37,16.0,17.6,3.0,Wrought Iron,1.47
60.43,4.5,30.57,1.49,4.61,51.01,1.5,Bessemer Steel,1.56
177.9,4.8,29.1,12.0,18.2,46.1,1.5,Wrought Iron,4.6
51.5,4.9,28.4,10.69,9.6,22.3,3.0,Bessemer Steel,7.66
11.24,7.34,28.5,10.0,16.48,20.19,3.18,Wrought Iron,3.03
112.0,4.5,13.8,16.36,16.0,17.6,1.5,Wrought Iron,3.91
35.32,6.25,17.25,11.9,14.25,13.96,1.52,Open Hearth iron,4.18
29.8,7.3,46.4,9.43,20.9,18.6,1.5,Bessemer Steel,2.47
110.0,5.32,32.08,1.2,15.47,53.25,2.97,Open Hearth iron,0.31
3.3,7.6,37.0,6.73,8.7,70.1,1.5,Bessemer Steel,2.89
177.94,4.8,28.97,17.6,18.24,46.01,1.51,Wrought Iron,5.06
114.1,4.46,12.99,1.0,34.89,5.49,1.52,Open Hearth iron,0.36
109.97,5.24,31.97,10.1,15.66,53.11,1.54,Bessemer Steel,2.02
3.3,7.6,37.0,11.8,8.7,70.1,3.0,Open Hearth iron,7.9
17.79,7.59,25.65,7.9,2.7,46.16,1.32,Wrought Iron,2.3
4.08,6.8,24.6,7.41,2.5,62.6,1.5,Open Hearth iron,11.42
4.08,6.8,24.6,5.6,2.5,62.6,1.5,Open Hearth iron,10.3
29.8,7.3,46.4,10.98,20.9,18.6,1.5,Open Hearth iron,3.2
57.62,5.7,26.48,9.41,6.15,23.55,1.5,Wrought Iron,4.62
5.67,3.34,42.5,4.0,2.09,87.73,3.04,Open Hearth iron,3.6
19.7,4.6,28.4,8.58,3.9,34.2,1.5,Bessemer Steel,2.85
2.78,9.4,24.7,4.38,6.1,6.2,3.0,Bessemer Steel,12.08
12.15,7.0,28.6,5.5,1.1,52.5,3.0,Open Hearth iron,5.4
8.0,6.8,72.8,8.7,34.0,46.2,3.0,Bessemer Steel,10.21
28.2,6.8,24.8,4.63,15.8,52.1,3.0,Bessemer Steel,2.35
15.97,5.81,28.4,5.86,9.61,27.95,3.0,Bessemer Steel,1.52
82.9,4.4,22.2,7.37,12.0,26.5,3.0,Wrought Iron,4.88
28.2,6.8,24.8,8.26,15.8,52.1,3.0,Open Hearth iron,3.64
11.4,7.3,28.4,7.44,16.6,20.3,1.5,Open Hearth iron,1.86
13.2,5.3,33.1,7.9,6.9,40.3,1.5,Open Hearth iron,4.8
2.89,9.43,21.8,2.0,34.61,9.77,1.46,Wrought Iron,2.96
28.2,6.8,24.8,10.47,15.8,52.1,3.0,Wrought Iron,4.52
57.0,7.3,17.8,11.22,11.7,15.8,1.5,Wrought Iron,3.43
49.0,6.7,23.4,1.46,14.7,35.1,3.0,Bessemer Steel,1.41
2.9,9.5,21.7,4.2,34.5,9.4,1.5,Wrought Iron,7.0
74.6,6.6,13.0,6.22,27.8,6.6,3.0,Bessemer Steel,3.48
5.7,3.7,42.6,12.0,1.9,87.8,1.5,Bessemer Steel,7.6
23.7,6.2,31.2,4.0,10.8,30.9,3.0,Open Hearth iron,2.9
82.9,4.4,22.2,4.0,12.0,26.5,3.0,Bessemer Steel,3.3
21.2,4.4,34.3,7.7,3.7,63.6,3.0,Bessemer Steel,4.2
112.17,4.7,13.81,3.9,16.07,17.66,1.55,Open Hearth iron,1.52
11.09,7.35,33.18,8.42,10.92,64.47,1.5,Wrought Iron,5.12
28.2,6.8,24.8,3.5,15.8,52.1,1.5,Open Hearth iron,1.7
17.87,7.21,25.85,11.9,9.53,36.06,1.51,Wrought Iron,4.04
19.7,4.6,28.4,3.96,3.9,34.2,3.0,Open Hearth iron,2.3
2.9,9.5,21.7,1.9,34.5,9.4,3.0,Bessemer Steel,3.3
110.0,5.3,32.0,7.8,15.5,53.1,3.0,Open Hearth iron,1.4
0.67,3.14,55.23,11.92,68.47,64.76,3.0,Bessemer Steel,13.01
66.32,4.47,28.37,4.25,6.55,44.59,3.0,Wrought Iron,3.32
8.0,6.8,72.8,3.7,34.0,46.2,1.5,Open Hearth iron,3.5
28.85,7.53,22.3,5.5,3.81,36.29,2.85,Open Hearth iron,2.14
6.84,7.3,37.6,12.0,2.0,44.9,3.0,Bessemer Steel,6.6
8.0,6.8,72.8,7.6,34.0,46.2,3.0,Wrought Iron,8.5
66.7,5.6,22.2,8.0,7.0,17.7,3.0,Wrought Iron,5.5
12.49,4.06,34.48,4.2,26.52,71.24,1.3,Open Hearth iron,7.21
21.03,5.99,45.02,11.48,13.98,43.79,1.5,Open Hearth iron,2.69
31.9,7.1,12.4,1.9,33.5,12.8,3.0,Bessemer Steel,0.3
1.3,7.0,29.4,8.2,7.2,32.4,1.5,Bessemer Steel,4.2
57.0,7.3,17.8,5.32,11.7,15.8,1.5,Wrought Iron,2.03
431.0,5.9,12.2,17.5,40.6,7.2,3.0,Bessemer Steel,1.9
2.78,9.4,24.7,1.9,6.1,6.2,3.0,Bessemer Steel,6.7
52.18,5.7,31.93,9.3,15.38,13.23,1.53,Bessemer Steel,3.73
8.0,6.8,72.8,3.7,34.0,46.2,3.0,Open Hearth iron,3.5
9.7,6.0,33.0,10.52,2.3,47.1,1.5,Wrought Iron,7.38
17.69,7.64,25.53,17.1,2.66,46.1,2.96,Wrought Iron,6.0
386.0,4.5,3.0,6.29,32.1,2.6,3.0,Open Hearth iron,1.37
13.15,7.0,28.8,12.1,4.9,35.8,1.5,Open Hearth iron,6.5
29.8,7.3,46.4,11.5,20.9,18.6,3.0,Open Hearth iron,3.7
1.9,6.2,47.4,2.0,4.4,7.8,1.5,Bessemer Steel,7.4
52.1,5.8,32.0,14.2,15.5,13.2,1.5,Bessemer Steel,4.1
13.15,7.0,28.8,2.06,4.9,35.8,3.0,Bessemer Steel,1.0
59.59,4.49,30.92,3.7,4.47,52.01,1.53,Bessemer Steel,3.12
137.13,4.77,34.84,4.2,14.9,45.92,1.38,Bessemer Steel,5.79
28.12,6.83,24.88,5.4,15.81,52.04,3.01,Open Hearth iron,2.61
74.6,6.6,13.0,2.36,27.8,6.6,1.5,Open Hearth iron,1.4
12.15,7.0,28.6,5.5,1.1,52.5,1.5,Open Hearth iron,4.4
51.5,4.9,28.4,2.12,9.6,22.3,3.0,Wrought Iron,1.86
48.94,6.86,23.26,6.2,14.58,35.02,3.03,Open Hearth iron,3.16
19.7,4.6,28.4,8.75,3.9,34.2,3.0,Bessemer Steel,3.05
11.4,7.3,28.4,8.86,16.6,20.3,3.0,Bessemer Steel,2.74
4.89,7.5,54.4,12.0,5.7,70.4,1.5,Wrought Iron,8.5
21.22,4.37,34.29,3.4,3.67,63.59,3.09,Wrought Iron,2.79
29.81,7.32,46.4,7.5,20.88,18.85,2.87,Open Hearth iron,1.51
21.2,4.4,34.3,3.5,3.7,63.6,3.0,Bessemer Steel,2.5
74.6,6.6,13.0,1.3,27.8,6.6,1.5,Bessemer Steel,1.3
17.43,7.15,30.07,5.67,12.73,59.88,3.0,Bessemer Steel,3.93
59.8,4.5,30.8,3.49,4.4,51.7,1.5,Open Hearth iron,3.09
16.58,7.35,18.16,5.87,11.18,39.77,3.0,Open Hearth iron,2.81
94.35,5.05,15.61,13.89,29.55,11.81,3.0,Wrought Iron,1.18
45.34,3.62,48.64,4.81,51.19,58.7,3.0,Wrought Iron,4.26
49.0,6.7,23.4,6.3,14.7,35.1,3.0,Open Hearth iron,3.11
35.16,6.13,17.3,7.8,14.49,14.02,1.5,Open Hearth iron,1.91
8.0,6.8,72.8,1.0,34.0,46.2,3.0,Bessemer Steel,0.4
35.2,6.2,17.2,7.33,14.4,13.9,1.5,Wrought Iron,3.7
5.7,3.7,42.6,17.34,1.9,87.8,1.5,Bessemer Steel,9.22
21.5,7.02,28.08,3.91,13.89,56.94,3.0,Wrought Iron,2.78
21.29,4.41,34.38,1.0,3.62,63.59,1.41,Bessemer Steel,0.66
3.27,7.6,37.04,10.0,8.84,70.01,1.69,Wrought Iron,5.2
102.59,6.5,13.18,6.14,19.83,11.12,3.0,Wrought Iron,2.15
110.0,5.3,32.0,8.66,15.5,53.1,1.5,Open Hearth iron,1.16
4.08,6.8,24.6,1.74,2.5,62.6,3.0,Bessemer Steel,3.17
11.4,7.3,28.4,9.8,16.6,20.3,1.5,Bessemer Steel,3.3
28.9,7.5,22.4,1.0,3.8,36.3,3.0,Bessemer Steel,0.9
12.73,4.19,34.52,6.0,26.5,71.26,1.42,Open Hearth iron,9.96
21.16,4.5,34.32,3.5,3.69,63.71,2.96,Bessemer Steel,2.37
3.3,7.6,37.0,9.87,8.7,70.1,1.5,Bessemer Steel,4.58
10.0,8.8,31.2,1.53,7.2,31.2,3.0,Wrought Iron,0.57
9.7,6.0,33.0,4.1,2.3,47.1,1.5,Open Hearth iron,4.0
4.89,7.5,54.4,8.0,5.7,70.4,1.5,Wrought Iron,4.7
13.28,5.42,32.89,12.1,6.88,40.42,1.45,Open Hearth iron,6.04
21.65,5.22,27.13,9.35,3.88,34.65,3.0,Wrought Iron,2.71
29.8,7.3,46.4,9.09,20.9,18.6,1.5,Open Hearth iron,2.1
69.81,5.74,18.88,9.76,23.13,19.56,1.5,Bessemer Steel,0.94
1.26,6.97,29.24,8.1,7.17,32.43,1.58,Bessemer Steel,4.22
137.03,4.56,34.82,2.2,14.87,45.72,1.48,Wrought Iron,3.53
6.93,7.14,37.71,5.7,1.9,44.95,1.5,Bessemer Steel,3.42
386.07,4.57,3.12,3.9,32.03,2.39,2.98,Bessemer Steel,0.58
77.87,4.42,24.07,9.65,10.34,31.99,3.0,Wrought Iron,6.37
12.7,4.2,34.5,5.91,26.6,71.2,1.5,Bessemer Steel,9.75
8.0,6.8,72.8,7.83,34.0,46.2,3.0,Open Hearth iron,8.92
17.7,7.6,25.7,5.1,2.6,46.1,3.0,Bessemer Steel,1.9
4.89,7.5,54.4,13.23,5.7,70.4,3.0,Wrought Iron,9.22
137.0,4.7,34.8,6.18,14.9,45.8,3.0,Open Hearth iron,6.81
2.63,7.4,14.8,8.93,18.7,26.7,3.0,Open Hearth iron,9.29
177.9,4.8,29.1,7.05,18.2,46.1,3.0,Bessemer Steel,4.12
0.6,3.1,55.4,1.3,68.9,65.0,3.0,Wrought Iron,2.0
2.9,9.5,21.7,2.79,34.5,9.4,1.5,Open Hearth iron,2.58
1.3,7.0,29.4,11.6,7.2,32.4,3.0,Bessemer Steel,5.6
8.0,6.8,72.8,3.08,34.0,46.2,1.5,Wrought Iron,2.64
4.08,6.8,24.6,6.55,2.5,62.6,1.5,Bessemer Steel,12.64
0.51,3.1,55.2,6.1,68.92,64.88,1.42,Bessemer Steel,7.03
17.7,7.6,25.7,1.5,2.6,46.1,1.5,Open Hearth iron,0.5
15.0,7.0,7.6,5.82,23.2,30.9,1.5,Wrought Iron,3.64
35.05,6.77,23.06,14.6,17.57,45.38,3.0,Open Hearth iron,4.75
19.65,4.68,28.36,11.6,3.92,34.16,1.44,Wrought Iron,3.42
26.01,6.59,28.48,8.83,11.76,31.03,1.5,Wrought Iron,3.77
1.9,6.2,47.4,13.74,4.4,7.8,1.5,Bessemer Steel,20.22
66.85,5.63,22.28,8.1,7.04,17.78,1.56,Open Hearth iron,5.25
1.3,7.0,29.4,11.6,7.2,32.4,3.0,Wrought Iron,6.3
12.07,6.78,28.66,1.0,1.21,52.53,2.82,Wrought Iron,1.12
74.6,6.6,13.0,7.71,27.8,6.6,1.5,Open Hearth iron,4.29
17.63,7.62,25.81,1.3,2.64,46.31,1.53,Bessemer Steel,0.24
137.0,4.7,34.8,8.53,14.9,45.8,1.5,Wrought Iron,8.44
7.12,4.2,57.8,14.4,22.4,29.8,1.5,Bessemer Steel,35.2
57.0,7.3,17.8,6.75,11.7,15.8,3.0,Bessemer Steel,2.44
51.5,4.9,28.4,6.02,9.6,22.3,3.0,Wrought Iron,4.98
1.37,6.98,29.41,8.2,7.24,32.36,3.09,Open Hearth iron,3.91
31.9,7.1,12.4,9.26,33.5,12.8,1.5,Wrought Iron,2.32
12.7,4.2,34.5,11.56,26.6,71.2,1.5,Wrought Iron,15.58
28.16,6.87,24.89,5.6,15.86,52.02,3.1,Wrought Iron,2.53
37.39,6.2,27.33,8.79,8.59,17.64,1.5,Wrought Iron,7.17
29.8,7.3,46.4,5.76,20.9,18.6,3.0,Open Hearth iron,1.24
17.67,7.64,25.81,4.1,2.64,45.92,2.82,Bessemer Steel,1.6
0.6,3.1,55.4,6.66,68.9,65.0,1.5,Wrought Iron,9.85
59.8,4.5,30.8,1.2,4.4,51.7,1.5,Open Hearth iron,1.5
12.15,7.0,28.6,11.6,1.1,52.5,3.0,Wrought Iron,9.5
112.0,3.8,7.0,8.0,3.5,4.5,1.5,Open Hearth iron,5.8
430.96,5.89,12.26,6.2,40.59,7.17,3.01,Bessemer Steel,0.88
51.5,4.9,28.4,7.6,9.6,22.3,1.5,Wrought Iron,6.2
17.7,7.6,25.7,6.1,2.6,46.1,3.0,Open Hearth iron,1.6
13.15,7.0,28.8,6.2,4.9,35.8,3.0,Wrought Iron,4.9
431.0,5.9,12.2,4.1,40.6,7.2,1.5,Open Hearth iron,0.7
13.15,7.0,28.8,8.39,4.9,35.8,3.0,Bessemer Steel,5.91
17.7,7.6,25.7,2.35,2.6,46.1,1.5,Open Hearth iron,0.76
112.0,3.8,7.0,8.0,3.5,4.5,3.0,Open Hearth iron,6.1
2.9,9.5,21.7,4.2,34.5,9.4,1.5,Bessemer Steel,3.8
12.7,4.2,34.5,7.07,26.6,71.2,3.0,Bessemer Steel,10.02
31.79,7.09,12.31,17.5,33.61,12.81,1.47,Bessemer Steel,5.7
12.7,4.2,34.5,11.07,26.6,71.2,3.0,Bessemer Steel,14.8
114.07,4.57,12.86,7.8,34.72,5.5,3.13,Open Hearth iron,0.92
66.7,5.6,22.2,8.95,7.0,17.7,3.0,Wrought Iron,5.88
21.2,4.4,34.3,8.9,3.7,63.6,1.5,Wrought Iron,4.55
0.6,3.1,55.4,10.79,68.9,65.0,1.5,Bessemer Steel,17.26
112.0,3.8,7.0,3.61,3.5,4.5,1.5,Wrought Iron,3.91
12.7,4.2,34.5,6.23,26.6,71.2,3.0,Open Hearth iron,10.38
77.76,6.83,26.23,15.09,10.42,31.38,3.0,Open Hearth iron,9.41
28.9,7.5,22.4,6.53,3.8,36.3,1.5,Bessemer Steel,2.39
431.11,5.96,12.18,12.0,40.71,7.29,1.59,Open Hearth iron,0.84
20.0,5.94,31.6,3.59,3.13,42.04,1.5,Open Hearth iron,2.53
17.86,7.25,25.77,3.7,9.6,36.02,1.53,Bessemer Steel,1.43
82.98,4.26,22.13,12.1,12.17,26.42,2.89,Wrought Iron,7.76
14.1,5.67,35.37,10.64,5.68,66.18,1.5,Open Hearth iron,4.87
5.7,3.7,42.6,8.0,1.9,87.8,3.0,Open Hearth iron,4.9
178.01,4.78,28.95,3.9,18.23,46.01,3.0,Wrought Iron,3.54
12.7,4.2,34.5,3.29,26.6,71.2,3.0,Open Hearth iron,6.11
12.7,4.2,34.5,2.0,26.6,71.2,1.5,Bessemer Steel,1.4
3.3,7.6,37.0,8.21,8.7,70.1,3.0,Wrought Iron,4.35
59.8,4.5,30.8,9.97,4.4,51.7,3.0,Bessemer Steel,8.62
2.78,9.4,24.7,6.2,6.1,6.2,1.5,Open Hearth iron,13.7
4.06,6.68,24.56,9.0,2.37,62.54,1.33,Open Hearth iron,15.69
35.2,6.2,17.2,9.9,14.4,13.9,1.5,Bessemer Steel,5.3
28.9,7.5,22.4,3.6,3.8,36.3,3.0,Open Hearth iron,2.2
37.0,5.82,29.67,9.56,10.15,36.91,1.5,Bessemer Steel,5.15
12.06,7.04,28.62,7.7,1.21,52.55,1.45,Open Hearth iron,5.11
28.9,7.5,22.4,5.5,3.8,36.3,3.0,Open Hearth iron,2.3
57.0,7.3,17.8,10.88,11.7,15.8,3.0,Open Hearth iron,3.13
29.8,7.3,46.4,16.9,20.9,18.6,1.5,Open Hearth iron,4.0
35.2,6.2,17.2,3.27,14.4,13.9,1.5,Wrought Iron,2.09
10.89,5.76,33.03,8.44,3.86,44.79,1.5,Open Hearth iron,4.83
15.05,6.74,7.58,8.1,23.28,30.75,2.88,Bessemer Steel,4.39
5.7,3.7,42.6,16.37,1.9,87.8,1.5,Wrought Iron,10.76
59.8,4.5,30.8,9.63,4.4,51.7,1.5,Bessemer Steel,7.73
112.0,3.8,7.0,8.0,3.5,4.5,3.0,Wrought Iron,6.3
57.0,7.3,17.8,11.39,11.7,15.8,1.5,Open Hearth iron,2.95
82.9,4.4,22.2,2.0,12.0,26.5,3.0,Bessemer Steel,2.6
23.7,6.2,31.2,4.42,10.8,30.9,3.0,Wrought Iron,3.22
74.6,6.6,13.0,9.51,27.8,6.6,1.5,Open Hearth iron,4.36
3.3,7.6,37.0,7.7,8.7,70.1,1.5,Open Hearth iron,3.3
0.54,3.29,55.45,6.3,68.85,65.07,3.05,Open Hearth iron,6.31
177.9,4.8,29.1,3.65,18.2,46.1,1.5,Wrought Iron,2.95
17.8,7.2,25.8,3.34,9.5,36.0,1.5,Open Hearth iron,0.57
386.0,4.5,3.0,3.83,32.1,2.6,1.5,Bessemer Steel,0.57
114.0,4.5,13.0,2.08,34.7,5.6,1.5,Wrought Iron,0.39
20.6,7.3,18.0,11.14,10.9,26.0,1.5,Wrought Iron,2.56
13.15,7.0,28.8,6.2,4.9,35.8,1.5,Open Hearth iron,4.9
177.84,4.9,29.09,17.7,18.18,46.04,3.01,Bessemer Steel,4.16
51.5,4.9,28.4,5.85,9.6,22.3,3.0,Open Hearth iron,4.8
21.2,4.4,34.3,5.55,3.7,63.6,1.5,Bessemer Steel,3.04
7.97,6.76,72.84,11.7,34.0,46.07,2.9,Bessemer Steel,12.83
20.6,7.3,18.0,17.5,10.9,26.0,1.5,Open Hearth iron,1.5
17.63,7.6,25.61,17.1,2.63,46.03,2.89,Bessemer Steel,5.54
8.0,6.8,72.8,2.2,34.0,46.2,1.5,Bessemer Steel,1.84
114.0,4.5,13.0,5.82,34.7,5.6,1.5,Open Hearth iron,0.83
11.33,7.28,28.42,4.0,16.57,20.19,3.11,Wrought Iron,1.11
110.0,5.3,32.0,10.91,15.5,53.1,1.5,Bessemer Steel,2.43
10.0,8.8,31.2,9.95,7.2,31.2,3.0,Open Hearth iron,2.51
110.18,5.25,32.08,7.9,15.63,53.1,1.29,Open Hearth iron,0.83
385.87,4.45,3.06,1.7,32.14,2.47,1.49,Bessemer Steel,0.12
49.0,6.7,23.4,8.0,14.7,35.1,3.0,Wrought Iron,3.5
112.0,3.8,7.0,4.1,3.5,4.5,3.0,Open Hearth iron,4.4
6.84,7.3,37.6,3.05,2.0,44.9,1.5,Bessemer Steel,2.7
74.6,6.6,13.0,7.9,27.8,6.6,3.0,Bessemer Steel,4.6
112.0,4.5,13.8,3.97,16.0,17.6,1.5,Bessemer Steel,2.04
32.0,7.1,12.49,17.6,33.52,12.96,3.01,Open Hearth iron,4.91
110.16,5.32,31.96,11.8,15.47,53.05,1.43,Open Hearth iron,1.62
28.9,7.5,22.4,2.21,3.8,36.3,1.5,Bessemer Steel,1.61
12.75,4.22,34.5,4.1,26.61,70.99,1.63,Wrought Iron,7.55
59.8,4.5,30.8,6.29,4.4,51.7,3.0,Wrought Iron,6.38
110.0,5.3,32.0,11.38,15.5,53.1,3.0,Wrought Iron,1.92
386.0,4.5,3.0,15.53,32.1,2.6,3.0,Wrought Iron,2.33
28.2,6.8,24.8,11.5,15.8,52.1,3.0,Open Hearth iron,5.0
386.0,4.5,3.0,4.0,32.1,2.6,3.0,Bessemer Steel,0.6
0.6,3.1,55.4,10.09,68.9,65.0,3.0,Open Hearth iron,11.33
2.79,9.25,21.62,5.8,34.66,9.28,1.56,Wrought Iron,8.26
12.71,4.28,34.54,5.9,26.53,71.06,2.95,Wrought Iron,9.14
12.7,4.2,34.5,4.1,26.6,71.2,3.0,Bessemer Steel,6.9
9.7,6.0,33.0,9.86,2.3,47.1,1.5,Bessemer Steel,5.97
13.15,7.0,28.8,3.7,4.9,35.8,1.5,Wrought Iron,1.97
2.34,8.8,28.7,13.96,5.0,24.5,1.5,Bessemer Steel,34.64
74.35,5.63,24.27,10.0,7.5,15.46,1.46,Open Hearth iron,4.57
19.7,4.6,28.4,1.23,3.9,34.2,3.0,Bessemer Steel,0.85
14.51,5.29,33.12,17.24,6.98,40.36,3.0,Bessemer Steel,6.96
2.78,9.4,24.7,4.3,6.1,6.2,3.0,Open Hearth iron,11.9
10.08,8.83,31.4,11.6,7.09,31.32,2.92,Open Hearth iron,2.69
0.6,3.1,55.4,8.0,68.9,65.0,1.5,Wrought Iron,15.3
30.05,7.28,46.47,3.5,20.98,18.66,3.15,Bessemer Steel,2.22
28.92,7.45,22.51,5.5,4.01,36.23,2.99,Wrought Iron,2.36
15.0,7.0,7.6,9.64,23.2,30.9,1.5,Wrought Iron,5.08
4.01,6.68,24.53,7.7,2.56,62.59,3.02,Open Hearth iron,16.47
114.0,4.5,13.0,8.4,34.7,5.6,3.0,Open Hearth iron,0.96
12.65,4.16,34.48,8.2,26.48,71.29,1.37,Bessemer Steel,11.06
28.9,7.5,22.4,1.0,3.8,36.3,1.5,Bessemer Steel,1.0
2.78,9.4,24.7,1.9,6.1,6.2,1.5,Wrought Iron,7.6
28.9,7.5,22.4,7.7,3.8,36.3,3.0,Open Hearth iron,2.9
112.0,3.8,7.0,7.2,3.5,4.5,3.0,Open Hearth iron,5.34
19.58,4.6,28.51,11.5,3.84,34.28,1.59,Open Hearth iron,2.86
35.31,6.3,17.22,7.8,14.24,13.9,1.65,Wrought Iron,3.7
82.84,4.42,22.33,4.0,12.03,26.5,3.02,Bessemer Steel,3.31
12.7,4.2,34.5,8.0,26.6,71.2,3.0,Bessemer Steel,11.0
28.2,6.8,24.8,16.9,15.8,52.1,3.0,Bessemer Steel,5.1
205.0,4.7,2.8,2.0,38.1,0.6,1.5,Bessemer Steel,1.5
17.85,7.24,25.78,17.2,9.27,35.94,2.89,Wrought Iron,2.94
199.79,5.16,15.67,7.76,17.4,10.19,3.0,Open Hearth iron,1.9
0.6,3.1,55.4,5.17,68.9,65.0,3.0,Bessemer Steel,7.31
2.94,9.49,24.67,12.3,6.11,6.25,2.96,Open Hearth iron,19.58
51.5,4.9,28.4,11.34,9.6,22.3,1.5,Open Hearth iron,6.96
12.15,7.0,28.6,7.32,1.1,52.5,1.5,Wrought Iron,6.57
59.8,4.5,30.8,3.73,4.4,51.7,1.5,Bessemer Steel,3.15
112.0,3.8,7.0,10.44,3.5,4.5,3.0,Wrought Iron,8.2
36.62,5.6,29.9,4.0,10.24,26.9,1.5,Bessemer Steel,3.4
59.82,4.51,30.78,17.0,4.46,51.59,3.0,Open Hearth iron,9.32
1.3,7.0,29.4,8.2,7.2,32.4,1.5,Open Hearth iron,4.1
11.4,7.3,28.4,3.8,16.6,20.3,3.0,Wrought Iron,1.3
19.7,4.6,28.4,5.7,3.9,34.2,1.5,Wrought Iron,3.0
10.0,8.8,31.2,7.6,7.2,31.2,1.5,Open Hearth iron,1.7
28.2,6.8,24.8,10.78,15.8,52.1,1.5,Wrought Iron,4.54
13.0,7.01,28.68,4.0,5.07,35.81,2.88,Bessemer Steel,2.28
6.84,7.3,37.6,12.0,2.0,44.9,3.0,Open Hearth iron,5.4
14.53,6.28,28.4,7.7,11.8,25.55,1.5,Open Hearth iron,2.09
54.97,5.1,33.67,12.2,9.6,42.16,1.5,Open Hearth iron,4.92
31.9,7.1,12.4,2.96,33.5,12.8,1.5,Bessemer Steel,1.12
8.0,6.8,72.8,7.04,34.0,46.2,3.0,Wrought Iron,7.19
9.7,6.0,33.0,2.91,2.3,47.1,1.5,Bessemer Steel,2.74
35.2,6.2,17.2,2.14,14.4,13.9,1.5,Open Hearth iron,0.96
31.9,7.1,12.4,17.5,33.5,12.8,3.0,Wrought Iron,5.4
205.0,4.7,2.8,8.0,38.1,0.6,1.5,Bessemer Steel,2.8
48.81,6.8,23.3,1.5,14.73,35.12,3.03,Bessemer Steel,1.3
177.9,4.8,29.1,17.6,18.2,46.1,1.5,Bessemer Steel,5.1
1.3,7.0,29.4,14.47,7.2,32.4,3.0,Bessemer Steel,6.29
2.78,9.4,24.7,1.9,6.1,6.2,1.5,Open Hearth iron,5.4
21.2,4.4,34.3,15.9,3.7,63.6,1.5,Wrought Iron,5.43
17.7,7.6,25.7,1.5,2.6,46.1,3.0,Bessemer Steel,0.5
430.95,5.67,12.31,1.9,40.54,7.25,1.52,Open Hearth iron,0.25
51.5,4.9,28.4,9.6,9.6,22.3,3.0,Open Hearth iron,6.8
13.08,6.94,28.76,6.3,4.83,35.92,1.52,Bessemer Steel,4.97
3.16,7.46,36.9,7.7,8.8,70.07,2.96,Open Hearth iron,3.72
82.9,4.4,22.2,2.0,12.0,26.5,3.0,Open Hearth iron,2.3
6.84,7.3,37.6,10.27,2.0,44.9,3.0,Bessemer Steel,5.59
3.3,7.6,37.0,3.94,8.7,70.1,3.0,Bessemer Steel,2.0
12.15,7.0,28.6,10.41,1.1,52.5,1.5,Open Hearth iron,8.43
35.2,6.2,17.2,7.7,14.4,13.9,1.5,Bessemer Steel,4.2
4.89,7.5,54.4,4.0,5.7,70.4,3.0,Open Hearth iron,3.4
0.6,3.1,55.4,9.12,68.9,65.0,3.0,Open Hearth iron,11.04
59.8,4.5,30.8,17.0,4.4,51.7,1.5,Wrought Iron,8.8
205.0,4.7,2.8,7.71,38.1,0.6,1.5,Open Hearth iron,1.77
12.15,7.0,28.6,11.09,1.1,52.5,3.0,Wrought Iron,9.47
431.0,5.9,12.2,11.37,40.6,7.2,1.5,Wrought Iron,1.14
6.84,7.3,37.6,17.6,2.0,44.9,1.5,Wrought Iron,8.4
20.6,7.3,18.0,6.83,10.9,26.0,1.5,Open Hearth iron,1.62
114.0,4.5,13.0,5.31,34.7,5.6,3.0,Open Hearth iron,0.84
15.22,7.09,7.5,5.1,23.17,30.88,1.55,Bessemer Steel,3.13
16.79,7.5,26.17,14.47,2.35,47.15,3.0,Wrought Iron,5.33
10.0,8.8,31.2,1.1,7.2,31.2,3.0,Bessemer Steel,0.4
6.84,7.3,37.6,7.71,2.0,44.9,1.5,Open Hearth iron,3.8
110.0,5.3,32.0,2.87,15.5,53.1,3.0,Bessemer Steel,0.74
59.8,4.5,30.8,15.52,4.4,51.7,3.0,Wrought Iron,9.81
10.0,8.8,31.2,9.3,7.2,31.2,1.5,Bessemer Steel,3.21
137.0,4.7,34.8,5.86,14.9,45.8,1.5,Bessemer Steel,7.2
28.9,7.5,22.4,1.0,3.8,36.3,3.0,Open Hearth iron,1.0
4.89,7.5,54.4,17.6,5.7,70.4,1.5,Wrought Iron,12.4
15.0,7.0,7.6,5.01,23.2,30.9,1.5,Bessemer Steel,2.97
13.2,5.3,33.1,4.0,6.9,40.3,1.5,Bessemer Steel,3.0
11.4,7.3,28.4,9.9,16.6,20.3,3.0,Bessemer Steel,3.06
59.8,4.5,30.8,1.34,4.4,51.7,3.0,Bessemer Steel,1.71
5.68,3.76,42.52,2.0,1.85,87.88,1.65,Bessemer Steel,0.67
19.7,4.6,28.4,10.1,3.9,34.2,3.0,Wrought Iron,3.12
82.83,4.48,22.14,9.9,12.2,26.6,1.34,Bessemer Steel,6.15
17.8,7.2,25.8,5.11,9.5,36.0,3.0,Wrought Iron,1.47
10.0,8.91,31.24,5.5,7.17,31.12,1.45,Wrought Iron,2.21
12.7,4.2,34.5,12.0,26.6,71.2,3.0,Wrought Iron,15.6
10.0,8.8,31.2,5.01,7.2,31.2,3.0,Wrought Iron,1.87
13.15,7.0,28.8,16.08,4.9,35.8,3.0,Wrought Iron,8.61
13.15,7.0,28.8,6.96,4.9,35.8,1.5,Open Hearth iron,5.3
66.7,5.6,22.2,8.0,7.0,17.7,3.0,Open Hearth iron,5.5
2.63,7.4,14.8,9.8,18.7,26.7,1.5,Wrought Iron,11.9
3.29,7.56,36.99,5.7,8.8,70.09,1.62,Open Hearth iron,3.14
12.7,4.2,34.5,4.32,26.6,71.2,3.0,Open Hearth iron,7.57
3.3,7.6,37.0,9.9,8.7,70.1,3.0,Open Hearth iron,5.3
1.2,6.98,29.36,5.7,7.08,32.59,1.67,Open Hearth iron,1.65
17.48,7.55,24.25,2.34,4.25,44.89,1.5,Bessemer Steel,0.72
20.67,7.32,17.89,8.0,10.84,25.95,1.35,Wrought Iron,2.05
23.7,6.2,31.2,2.66,10.8,30.9,1.5,Bessemer Steel,2.24
12.15,7.0,28.6,9.76,1.1,52.5,3.0,Bessemer Steel,9.12
2.9,9.5,21.7,1.9,34.5,9.4,1.5,Bessemer Steel,3.4
31.9,7.1,12.4,5.79,33.5,12.8,1.5,Wrought Iron,2.22
11.4,7.3,28.4,7.7,16.6,20.3,3.0,Bessemer Steel,2.3
28.2,6.8,24.8,16.82,15.8,52.1,1.5,Bessemer Steel,5.39
35.2,6.2,17.2,1.7,14.4,13.9,3.0,Wrought Iron,0.82
112.0,4.5,13.8,8.0,16.0,17.6,1.5,Open Hearth iron,2.0
0.6,3.1,55.4,4.46,68.9,65.0,3.0,Wrought Iron,5.13
9.7,6.0,33.0,6.0,2.3,47.1,3.0,Bessemer Steel,6.1
13.2,5.3,33.1,10.67,6.9,40.3,3.0,Wrought Iron,5.75
8.0,6.8,72.8,4.98,34.0,46.2,3.0,Open Hearth iron,4.78
9.7,6.0,33.0,10.0,2.3,47.1,1.5,Wrought Iron,7.2
204.93,4.87,2.72,12.0,38.09,0.45,2.97,Open Hearth iron,2.84
112.0,4.5,13.8,2.73,16.0,17.6,1.5,Open Hearth iron,1.27
17.88,7.23,25.75,7.6,9.42,35.82,1.47,Bessemer Steel,2.06
51.5,4.9,28.4,3.7,9.6,22.3,1.5,Bessemer Steel,3.7
136.98,4.73,34.76,8.0,14.87,45.69,1.52,Wrought Iron,7.64
13.15,7.0,28.8,10.72,4.9,35.8,3.0,Open Hearth iron,6.75
49.0,6.7,23.4,9.46,14.7,35.1,1.5,Wrought Iron,4.45
112.0,3.8,7.0,10.93,3.5,4.5,1.5,Bessemer Steel,8.18
31.9,7.1,12.4,4.1,33.5,12.8,3.0,Wrought Iron,1.5
57.0,7.3,17.8,7.82,11.7,15.8,3.0,Open Hearth iron,2.58
57.0,7.3,17.8,1.0,11.7,15.8,3.0,Bessemer Steel,0.4
430.99,5.92,12.06,6.2,40.63,7.11,1.4,Bessemer Steel,0.46
20.56,7.37,18.03,7.9,10.98,26.06,1.34,Bessemer Steel,1.71
31.9,7.1,12.4,1.9,33.5,12.8,3.0,Open Hearth iron,0.2
111.97,3.81,7.19,12.0,3.51,4.63,1.43,Wrought Iron,9.02
110.0,5.3,32.0,9.22,15.5,53.1,3.0,Open Hearth iron,1.66
11.4,7.3,28.4,11.7,16.6,20.3,1.5,Bessemer Steel,3.6
7.85,6.77,72.73,5.8,34.02,46.05,1.5,Open Hearth iron,4.78
2.63,7.4,14.8,5.8,18.7,26.7,1.5,Open Hearth iron,2.9
0.6,3.1,55.4,1.55,68.9,65.0,3.0,Open Hearth iron,2.47
0.6,3.1,55.4,9.43,68.9,65.0,1.5,Wrought Iron,12.37
31.9,7.1,12.4,16.01,33.5,12.8,3.0,Wrought Iron,5.01
21.2,4.4,34.3,11.5,3.7,63.6,3.0,Open Hearth iron,4.9
13.2,5.3,33.1,12.94,6.9,40.3,3.0,Wrought Iron,6.33
85.0,4.9,29.4,9.34,5.4,1.2,1.5,Bessemer Steel,4.29
110.13,5.29,32.11,1.4,15.44,53.09,1.53,Open Hearth iron,0.33
74.7,6.71,13.1,1.4,27.83,6.74,1.48,Open Hearth iron,1.53
20.6,7.3,18.0,13.98,10.9,26.0,1.5,Open Hearth iron,1.57
4.81,7.4,54.41,2.0,5.86,70.52,1.45,Open Hearth iron,2.38
4.37,6.71,24.94,8.76,3.32,62.89,3.0,Bessemer Steel,15.11
4.89,7.5,54.4,5.9,5.7,70.4,1.5,Wrought Iron,6.1
111.94,4.34,13.94,4.2,16.05,17.64,3.07,Bessemer Steel,1.56
0.65,3.09,55.47,1.4,69.06,65.17,1.59,Wrought Iron,1.68
177.9,4.8,29.1,2.81,18.2,46.1,1.5,Open Hearth iron,2.07
17.84,7.23,25.67,17.0,9.52,35.87,1.44,Open Hearth iron,2.87
114.0,4.5,13.0,7.9,34.7,5.6,1.5,Wrought Iron,1.0
9.7,6.0,33.0,2.0,2.3,47.1,1.5,Wrought Iron,2.1
112.0,4.5,13.8,4.29,16.0,17.6,3.0,Open Hearth iron,1.71
431.24,5.81,11.99,6.4,40.49,7.26,2.87,Open Hearth iron,0.8
57.0,7.3,17.8,9.6,11.7,15.8,3.0,Wrought Iron,3.0
8.01,6.79,72.77,11.6,33.95,46.26,3.15,Open Hearth iron,11.54
20.6,7.3,18.0,12.22,10.9,26.0,3.0,Bessemer Steel,2.52
23.82,6.15,31.15,6.0,10.72,30.91,2.95,Open Hearth iron,5.3
12.15,7.0,28.6,5.17,1.1,52.5,1.5,Wrought Iron,5.24
0.6,3.1,55.4,1.3,68.9,65.0,3.0,Open Hearth iron,2.2
15.0,7.0,7.6,5.1,23.2,30.9,3.0,Bessemer Steel,2.6
20.6,7.3,18.0,7.43,10.9,26.0,3.0,Wrought Iron,1.72
74.4,5.6,24.2,9.9,7.5,15.3,3.0,Open Hearth iron,5.0
177.9,4.8,29.1,14.26,18.2,46.1,1.5,Open Hearth iron,4.0
137.0,4.7,34.8,7.51,14.9,45.8,1.5,Wrought Iron,7.77
11.26,7.35,28.35,5.5,16.4,20.19,1.4,Bessemer Steel,2.64
31.9,7.1,12.4,5.11,33.5,12.8,1.5,Bessemer Steel,2.48
10.0,8.8,31.2,4.13,7.2,31.2,1.5,Wrought Iron,1.9
2.34,8.8,28.7,11.47,5.0,24.5,1.5,Bessemer Steel,31.44
385.8,4.67,2.94,3.9,32.09,2.53,2.94,Open Hearth iron,0.36
28.9,7.5,22.4,9.86,3.8,36.3,3.0,Open Hearth iron,4.79
29.8,7.3,46.4,10.05,20.9,18.6,3.0,Open Hearth iron,2.86
137.0,4.7,34.8,2.0,14.9,45.8,3.0,Bessemer Steel,2.9
110.0,5.3,32.0,3.29,15.5,53.1,3.0,Wrought Iron,0.84
10.01,8.56,31.26,7.6,7.25,31.25,1.48,Wrought Iron,2.35
19.08,6.77,59.45,8.92,28.79,43.2,1.5,Wrought Iron,10.57
177.9,4.8,29.1,12.0,18.2,46.1,3.0,Bessemer Steel,3.8
114.0,4.5,13.0,7.52,34.7,5.6,1.5,Wrought Iron,1.04
12.15,7.0,28.6,10.92,1.1,52.5,3.0,Open Hearth iron,9.7
164.47,5.41,6.91,13.13,30.87,4.76,1.5,Wrought Iron,3.19
137.0,4.7,34.8,11.53,14.9,45.8,1.5,Wrought Iron,15.5
20.6,7.3,18.0,12.1,10.9,26.0,3.0,Bessemer Steel,2.5
20.64,7.25,18.07,4.3,10.89,26.0,3.14,Open Hearth iron,2.11
3.3,7.6,37.0,9.9,8.7,70.1,3.0,Wrought Iron,5.2
1.3,7.0,29.4,1.18,7.2,32.4,3.0,Bessemer Steel,1.11
2.34,8.8,28.7,5.11,5.0,24.5,1.5,Bessemer Steel,13.05
112.0,4.5,13.8,8.08,16.0,17.6,3.0,Bessemer Steel,2.11
21.2,6.73,28.89,4.4,14.13,26.66,1.5,Wrought Iron,2.34
74.4,5.6,24.2,7.23,7.5,15.3,3.0,Open Hearth iron,4.11
1.3,7.0,29.4,1.79,7.2,32.4,1.5,Wrought Iron,0.98
13.01,7.06,28.79,8.2,4.73,35.92,3.0,Wrought Iron,5.34
12.7,4.2,34.5,6.0,26.6,71.2,1.5,Bessemer Steel,9.9
8.0,6.8,72.8,1.0,34.0,46.2,3.0,Wrought Iron,0.4
49.0,6.7,23.4,11.0,14.7,35.1,3.0,Bessemer Steel,4.82
51.5,4.9,28.4,8.34,9.6,22.3,1.5,Open Hearth iron,6.07
11.4,7.3,28.4,6.39,16.6,20.3,1.5,Open Hearth iron,2.11
13.2,5.3,33.1,1.5,6.9,40.3,3.0,Bessemer Steel,0.4
26.25,6.67,24.13,4.05,3.83,35.7,3.0,Wrought Iron,1.56
28.2,6.8,24.8,10.16,15.8,52.1,3.0,Open Hearth iron,4.44
12.7,4.2,34.5,2.0,26.6,71.2,1.5,Wrought Iron,3.3
2.63,7.4,14.8,11.7,18.7,26.7,3.0,Open Hearth iron,11.3
10.0,8.8,31.2,3.6,7.2,31.2,3.0,Open Hearth iron,1.4
28.9,7.5,22.4,4.8,3.8,36.3,3.0,Open Hearth iron,2.26
112.0,3.8,7.0,8.0,3.5,4.5,1.5,Bessemer Steel,5.2
31.9,7.1,12.4,4.92,33.5,12.8,1.5,Open Hearth iron,2.1
13.28,6.92,28.92,4.0,4.9,35.93,1.55,Bessemer Steel,2.3
12.15,7.0,28.6,9.6,1.1,52.5,1.5,Wrought Iron,9.4
137.12,4.79,34.87,1.9,14.94,45.7,3.2,Bessemer Steel,2.81
3.3,7.6,37.0,4.26,8.7,70.1,3.0,Wrought Iron,1.98
14.89,5.07,44.05,7.68,9.14,61.42,3.0,Open Hearth iron,1.93
111.89,4.36,13.82,17.7,16.02,17.56,1.46,Open Hearth iron,3.28
66.7,5.6,22.2,1.1,7.0,17.7,3.0,Wrought Iron,1.4
9.7,6.0,33.0,8.0,2.3,47.1,3.0,Bessemer Steel,8.2
74.49,6.5,12.84,12.0,27.73,6.7,1.48,Bessemer Steel,5.34
197.02,5.04,24.82,8.08,19.53,39.4,3.0,Bessemer Steel,1.21
4.08,6.8,24.6,8.39,2.5,62.6,3.0,Bessemer Steel,14.43
35.2,6.2,17.2,9.29,14.4,13.9,3.0,Wrought Iron,4.14
19.7,4.6,28.4,3.7,3.9,34.2,1.5,Wrought Iron,1.5
177.91,4.89,29.16,5.8,18.22,46.09,2.89,Bessemer Steel,3.49
431.05,5.91,12.29,8.3,40.67,7.17,1.39,Wrought Iron,1.06
19.7,4.6,28.4,3.7,3.9,34.2,1.5,Bessemer Steel,2.2
19.7,4.6,28.4,6.26,3.9,34.2,1.5,Wrought Iron,3.0
205.0,4.7,2.8,4.1,38.1,0.6,3.0,Bessemer Steel,2.1
3.3,7.6,37.0,11.8,8.7,70.1,3.0,Wrought Iron,8.7
17.7,7.6,25.7,6.57,2.6,46.1,1.5,Wrought Iron,1.65
17.7,7.6,25.7,6.1,2.6,46.1,3.0,Wrought Iron,1.9
9.7,6.0,33.0,6.86,2.3,47.1,1.5,Bessemer Steel,5.39
385.92,4.53,3.1,17.1,31.99,2.65,3.09,Bessemer Steel,2.82
0.6,3.1,55.4,1.32,68.9,65.0,3.0,Bessemer Steel,2.34
11.48,7.29,28.38,11.8,16.55,20.31,1.53,Wrought Iron,2.79
9.6,5.86,32.98,10.0,2.34,47.05,2.93,Open Hearth iron,7.27
6.84,7.3,37.6,13.35,2.0,44.9,3.0,Wrought Iron,6.74
2.63,7.4,14.8,1.2,18.7,26.7,3.0,Wrought Iron,1.1
3.3,7.6,37.0,11.77,8.7,70.1,1.5,Bessemer Steel,6.47
205.0,4.7,2.8,11.79,38.1,0.6,1.5,Bessemer Steel,2.71
3.3,7.6,37.0,6.55,8.7,70.1,1.5,Open Hearth iron,3.24
431.0,5.9,12.2,2.78,40.6,7.2,1.5,Open Hearth iron,0.4
137.0,4.7,34.8,12.0,14.9,45.8,1.5,Open Hearth iron,10.6
12.15,7.0,28.6,4.22,1.1,52.5,1.5,Wrought Iron,4.49
52.34,5.74,27.2,8.59,5.73,26.14,1.5,Open Hearth iron,3.88
28.85,7.6,22.26,7.7,3.86,36.26,1.4,Wrought Iron,3.44
177.9,4.8,29.1,17.6,18.2,46.1,3.0,Bessemer Steel,4.3
11.44,7.31,28.35,3.9,16.63,20.41,1.64,Wrought Iron,1.83
51.42,4.92,28.42,3.8,9.67,22.26,2.99,Open Hearth iron,3.7
2.9,9.5,21.7,4.2,34.5,9.4,1.5,Open Hearth iron,2.7
177.82,4.84,29.08,17.6,18.27,46.06,3.03,Wrought Iron,4.74
11.4,7.3,28.4,11.7,16.6,20.3,1.5,Wrought Iron,2.7
6.84,7.3,37.6,2.72,2.0,44.9,1.5,Wrought Iron,2.32
109.94,5.37,32.12,12.0,15.4,53.05,3.04,Open Hearth iron,2.25
28.4,6.57,44.7,12.9,7.6,57.17,1.5,Wrought Iron,9.42
110.0,5.3,32.0,4.13,15.5,53.1,3.0,Bessemer Steel,1.02
205.0,4.7,2.8,4.1,38.1,0.6,1.5,Bessemer Steel,2.2
4.89,7.5,54.4,2.0,5.7,70.4,3.0,Bessemer Steel,2.7
82.99,4.32,22.19,6.1,12.06,26.61,2.95,Open Hearth iron,4.43
31.77,7.14,12.37,4.1,33.55,12.95,3.09,Open Hearth iron,1.45
2.63,7.4,14.8,9.8,18.7,26.7,1.5,Bessemer Steel,12.1
136.91,4.75,34.93,10.2,14.83,45.77,1.58,Open Hearth iron,11.68
9.7,6.0,33.0,8.0,2.3,47.1,3.0,Open Hearth iron,7.1
6.84,7.3,37.6,5.9,2.0,44.9,3.0,Open Hearth iron,3.1
66.7,5.6,22.2,4.0,7.0,17.7,1.5,Bessemer Steel,3.5
5.56,3.74,42.42,4.0,1.82,87.8,1.43,Bessemer Steel,2.57
6.84,7.3,37.6,9.23,2.0,44.9,1.5,Wrought Iron,4.8
2.78,9.4,24.7,6.2,6.1,6.2,3.0,Open Hearth iron,14.5
4.15,6.68,24.65,7.5,2.62,62.47,1.57,Wrought Iron,12.63
57.09,7.36,17.88,9.7,11.73,15.88,3.07,Open Hearth iron,2.31
12.7,4.2,34.5,10.39,26.6,71.2,3.0,Wrought Iron,15.04
2.9,9.5,21.7,3.75,34.5,9.4,1.5,Wrought Iron,6.22
13.25,7.09,28.72,6.2,4.74,35.77,1.47,Wrought Iron,5.01
28.2,6.8,24.8,9.19,15.8,52.1,1.5,Open Hearth iron,3.79
82.94,4.18,22.16,4.1,11.87,26.59,2.83,Open Hearth iron,2.86
9.7,6.0,33.0,5.23,2.3,47.1,3.0,Open Hearth iron,5.67
3.19,7.47,37.02,11.7,8.74,69.93,3.02,Bessemer Steel,8.19
114.0,4.5,13.0,17.2,34.7,5.6,1.5,Open Hearth iron,1.3
28.9,7.5,22.4,7.42,3.8,36.3,1.5,Open Hearth iron,2.66
112.0,4.5,13.8,6.0,16.0,17.6,3.0,Wrought Iron,1.4
59.66,4.59,30.73,5.9,4.47,51.73,1.73,Wrought Iron,5.74
12.15,7.0,28.6,10.6,1.1,52.5,1.5,Bessemer Steel,9.05
17.8,7.2,25.8,5.93,9.5,36.0,3.0,Open Hearth iron,1.71
10.0,8.8,31.2,5.87,7.2,31.2,3.0,Open Hearth iron,2.19
29.8,7.3,46.4,3.39,20.9,18.6,1.5,Bessemer Steel,1.76
110.0,5.3,32.0,7.31,15.5,53.1,3.0,Wrought Iron,1.45
20.6,7.3,18.0,7.89,10.9,26.0,1.5,Bessemer Steel,1.66
109.93,5.24,31.93,4.2,15.66,53.11,3.07,Wrought Iron,0.9
28.6,7.41,22.6,1.35,3.8,36.23,1.5,Bessemer Steel,1.07
386.0,4.5,3.0,7.55,32.1,2.6,1.5,Wrought Iron,1.71
28.2,6.8,24.8,9.85,15.8,52.1,3.0,Bessemer Steel,3.99
82.9,4.4,22.2,12.0,12.0,26.5,3.0,Bessemer Steel,7.5
59.8,4.5,30.8,7.48,4.4,51.7,1.5,Open Hearth iron,6.26
49.0,6.7,23.4,10.12,14.7,35.1,3.0,Open Hearth iron,3.94
20.6,7.3,18.0,3.59,10.9,26.0,1.5,Wrought Iron,1.74
112.0,3.91,8.05,4.41,5.42,6.51,1.5,Open Hearth iron,2.45
92.35,5.71,27.57,9.64,19.57,43.99,3.0,Wrought Iron,1.59
4.86,7.39,54.3,12.1,5.79,70.17,3.02,Open Hearth iron,8.13
205.0,4.7,2.8,2.0,38.1,0.6,3.0,Bessemer Steel,1.3
1.24,6.93,29.59,5.8,7.21,32.44,3.02,Bessemer Steel,2.56
38.88,5.49,29.67,3.65,10.14,26.2,3.0,Bessemer Steel,2.85
110.0,5.3,32.0,10.0,15.5,53.1,3.0,Open Hearth iron,1.8
12.01,7.12,28.52,11.7,1.04,52.47,1.63,Open Hearth iron,8.92
54.45,6.69,18.12,8.07,22.59,26.36,3.0,Bessemer Steel,3.01
12.15,7.0,28.6,3.91,1.1,52.5,3.0,Open Hearth iron,4.4
17.8,7.2,25.8,3.7,9.5,36.0,1.5,Open Hearth iron,0.6
10.0,8.8,31.2,6.66,7.2,31.2,3.0,Bessemer Steel,2.0
20.6,7.3,18.0,5.03,10.9,26.0,1.5,Bessemer Steel,1.22
1.3,7.0,29.4,11.43,7.2,32.4,1.5,Bessemer Steel,5.24
11.4,7.3,28.4,1.76,16.6,20.3,3.0,Wrought Iron,0.59
59.8,4.5,30.8,6.44,4.4,51.7,1.5,Wrought Iron,6.26
0.6,3.1,55.4,8.81,68.9,65.0,1.5,Bessemer Steel,13.79
17.25,7.55,25.94,15.78,2.48,46.62,3.0,Open Hearth iron,6.08
9.7,6.0,33.0,10.0,2.3,47.1,3.0,Bessemer Steel,9.3
4.89,7.5,54.4,17.6,5.7,70.4,3.0,Open Hearth iron,16.0
74.6,6.6,13.0,4.82,27.8,6.6,1.5,Open Hearth iron,2.18
31.9,7.1,12.4,15.57,33.5,12.8,3.0,Open Hearth iron,4.37
82.9,4.4,22.2,10.76,12.0,26.5,1.5,Open Hearth iron,7.31
10.0,8.8,31.2,11.3,7.2,31.2,1.5,Bessemer Steel,3.46
2.63,7.4,14.8,5.81,18.7,26.7,3.0,Bessemer Steel,3.2
20.6,7.3,18.0,6.2,10.9,26.0,3.0,Wrought Iron,0.9
74.4,5.6,24.2,8.34,7.5,15.3,3.0,Wrought Iron,4.97
17.8,7.2,25.8,17.0,9.5,36.0,1.5,Open Hearth iron,3.0
13.15,7.0,28.8,5.99,4.9,35.8,1.5,Open Hearth iron,4.56
14.89,7.08,7.58,11.8,23.14,30.82,2.95,Bessemer Steel,5.81
13.12,7.28,32.19,7.54,11.5,63.0,1.5,Open Hearth iron,5.32
59.8,4.5,30.8,1.2,4.4,51.7,1.5,Bessemer Steel,1.4
85.0,4.9,29.4,13.9,5.4,1.2,1.5,Bessemer Steel,4.39
29.8,7.3,46.4,6.5,20.9,18.6,1.5,Bessemer Steel,1.55
15.0,7.0,7.6,10.35,23.2,30.9,3.0,Open Hearth iron,4.43
111.93,3.88,7.02,1.8,3.52,4.44,2.95,Wrought Iron,2.32
15.01,6.91,7.63,8.0,23.18,30.68,3.0,Open Hearth iron,3.51
386.0,4.5,3.0,14.68,32.1,2.6,3.0,Bessemer Steel,2.51
103.25,5.55,28.38,3.42,17.84,44.24,1.5,Wrought Iron,1.43
90.5,6.71,14.41,4.78,17.67,12.36,1.5,Wrought Iron,1.34
15.0,7.0,7.6,1.5,23.2,30.9,3.0,Wrought Iron,1.0
29.8,7.3,46.4,7.7,20.9,18.6,3.0,Open Hearth iron,1.5
4.85,7.48,54.47,1.9,5.66,70.48,1.55,Wrought Iron,2.03
114.0,4.5,13.0,6.93,34.7,5.6,1.5,Bessemer Steel,0.8
28.2,6.86,24.99,5.5,15.92,52.17,2.96,Bessemer Steel,2.56
6.84,7.3,37.6,5.9,2.0,44.9,1.5,Bessemer Steel,3.4
17.76,7.18,25.88,5.8,9.59,36.06,1.5,Open Hearth iron,1.78
112.0,4.5,13.8,17.7,16.0,17.6,1.5,Open Hearth iron,3.3
35.2,6.2,17.2,8.01,14.4,13.9,3.0,Open Hearth iron,2.02
35.85,5.84,29.44,6.04,4.4,34.25,3.0,Open Hearth iron,3.75
205.0,4.7,2.8,17.7,38.1,0.6,3.0,Bessemer Steel,4.1
13.05,5.33,33.01,1.7,6.77,40.23,3.04,Wrought Iron,0.45
6.84,7.3,37.6,4.15,2.0,44.9,3.0,Bessemer Steel,3.16
12.76,4.16,34.45,11.9,26.42,71.11,1.49,Open Hearth iron,21.51
28.9,7.5,22.4,5.79,3.8,36.3,3.0,Open Hearth iron,2.38
2.78,9.4,24.7,3.79,6.1,6.2,1.5,Wrought Iron,12.1
8.61,5.21,32.67,8.09,19.63,57.26,1.5,Open Hearth iron,14.1
386.0,4.5,3.0,4.0,32.1,2.6,1.5,Bessemer Steel,0.6
13.15,7.0,28.8,7.91,4.9,35.8,1.5,Open Hearth iron,5.8
110.0,5.3,32.0,1.99,15.5,53.1,3.0,Wrought Iron,0.54
12.7,4.2,34.5,6.9,26.6,71.2,1.5,Bessemer Steel,10.4
31.9,7.1,12.4,6.2,33.5,12.8,3.0,Wrought Iron,3.3
386.0,4.5,3.0,1.4,32.1,2.6,1.5,Bessemer Steel,0.2
4.89,7.5,54.4,17.6,5.7,70.4,3.0,Wrought Iron,12.5
15.0,7.0,7.6,4.27,23.2,30.9,1.5,Wrought Iron,3.1
110.0,5.3,32.0,7.8,15.5,53.1,1.5,Wrought Iron,2.2
386.0,4.5,3.0,12.0,32.1,2.6,3.0,Open Hearth iron,2.5
2.63,7.4,14.8,10.6,18.7,26.7,1.5,Bessemer Steel,10.92
74.4,5.6,24.2,9.9,7.5,15.3,3.0,Wrought Iron,5.3
10.0,8.8,31.2,9.62,7.2,31.2,3.0,Bessemer Steel,2.71
9.7,6.0,33.0,3.77,2.3,47.1,1.5,Open Hearth iron,3.7
82.9,4.4,22.2,2.6,12.0,26.5,1.5,Wrought Iron,2.92
6.84,7.3,37.6,2.41,2.0,44.9,3.0,Open Hearth iron,2.28
112.0,3.8,7.0,5.55,3.5,4.5,1.5,Wrought Iron,4.55
28.9,7.5,22.4,5.97,3.8,36.3,3.0,Wrought Iron,2.49
5.7,3.7,42.6,2.91,1.9,87.8,1.5,Bessemer Steel,1.46
250.61,4.98,12.21,10.34,21.41,8.12,1.5,Bessemer Steel,2.04
1.9,6.2,47.4,7.33,4.4,7.8,1.5,Bessemer Steel,11.6
2.81,9.39,24.65,10.4,6.06,6.27,3.03,Wrought Iron,19.8
389.03,6.01,13.87,3.47,37.01,10.07,1.5,Open Hearth iron,0.9
28.82,7.55,22.45,7.7,3.97,36.15,2.95,Bessemer Steel,3.46
178.16,4.89,29.26,1.9,18.09,46.18,3.08,Wrought Iron,1.56
26.26,7.11,18.45,2.43,19.96,12.65,3.0,Wrought Iron,1.81
2.78,9.4,24.7,6.72,6.1,6.2,1.5,Wrought Iron,17.09
66.7,5.6,22.2,2.77,7.0,17.7,3.0,Bessemer Steel,2.61
8.0,6.8,72.8,7.6,34.0,46.2,1.5,Open Hearth iron,8.4
3.3,7.6,37.0,5.8,8.7,70.1,1.5,Wrought Iron,3.2
31.9,7.1,12.4,3.86,33.5,12.8,1.5,Open Hearth iron,1.27
13.2,5.3,33.1,12.0,6.9,40.3,3.0,Bessemer Steel,6.0
13.15,7.0,28.8,4.1,4.9,35.8,3.0,Bessemer Steel,2.2
386.2,4.52,2.77,1.4,32.05,2.66,3.06,Wrought Iron,0.3
15.0,7.0,7.6,6.79,23.2,30.9,3.0,Open Hearth iron,3.35
13.15,7.0,28.8,1.9,4.9,35.8,3.0,Bessemer Steel,0.9
20.6,7.3,18.0,8.0,10.9,26.0,3.0,Open Hearth iron,2.1
13.2,5.3,33.1,1.53,6.9,40.3,3.0,Bessemer Steel,0.42
431.18,6.01,12.18,1.9,40.49,7.04,1.29,Bessemer Steel,0.23
28.2,6.8,24.8,16.9,15.8,52.1,1.5,Wrought Iron,6.0
11.4,7.3,28.4,1.2,16.6,20.3,3.0,Bessemer Steel,0.5
431.0,5.9,12.2,14.75,40.6,7.2,1.5,Bessemer Steel,1.19
52.1,5.8,32.0,8.93,15.5,13.2,1.5,Bessemer Steel,3.75
82.9,4.4,22.2,10.27,12.0,26.5,3.0,Open Hearth iron,6.39
142.17,5.06,26.88,12.3,14.6,36.97,1.5,Wrought Iron,3.71
4.89,7.5,54.4,7.95,5.7,70.4,1.5,Bessemer Steel,5.5
8.0,6.8,72.8,3.7,34.0,46.2,3.0,Wrought Iron,3.7
28.94,7.56,22.34,7.7,3.73,36.2,1.74,Bessemer Steel,2.55
137.0,4.7,34.8,6.0,14.9,45.8,3.0,Open Hearth iron,6.8
9.7,6.0,33.0,12.0,2.3,47.1,3.0,Bessemer Steel,7.0
431.0,5.9,12.2,5.99,40.6,7.2,1.5,Open Hearth iron,0.61
386.0,4.5,3.0,4.0,32.1,2.6,1.5,Wrought Iron,0.7
13.2,5.3,33.1,4.86,6.9,40.3,1.5,Bessemer Steel,3.52
49.0,6.7,23.4,8.05,14.7,35.1,3.0,Bessemer Steel,3.32
5.7,3.7,42.6,12.0,1.9,87.8,3.0,Open Hearth iron,7.0
12.15,7.0,28.6,9.6,1.1,52.5,3.0,Open Hearth iron,10.1
17.77,7.61,25.75,8.1,2.83,45.96,3.31,Open Hearth iron,2.09
112.0,3.8,7.0,9.77,3.5,4.5,1.5,Open Hearth iron,8.59
0.74,3.17,55.5,12.0,68.83,64.94,1.51,Open Hearth iron,15.46
5.7,3.7,42.6,12.0,1.9,87.8,3.0,Bessemer Steel,8.2
11.4,7.3,28.4,5.6,16.6,20.3,1.5,Open Hearth iron,2.3
16.8,7.4,19.64,5.02,9.5,41.01,3.0,Wrought Iron,1.84
42.92,6.71,30.72,2.93,17.56,36.75,1.5,Open Hearth iron,3.2
74.4,5.6,24.2,8.82,7.5,15.3,1.5,Bessemer Steel,3.99
17.84,7.33,25.99,5.8,9.48,36.2,3.0,Open Hearth iron,1.62
19.77,4.62,28.39,9.7,3.91,34.15,3.02,Wrought Iron,3.15
52.1,5.8,32.0,6.94,15.5,13.2,1.5,Bessemer Steel,3.13
3.3,7.6,37.0,3.8,8.7,70.1,1.5,Open Hearth iron,1.9
74.4,5.6,24.2,6.1,7.5,15.3,1.5,Bessemer Steel,2.7
137.0,4.7,34.8,9.24,14.9,45.8,3.0,Open Hearth iron,9.38
10.0,8.8,31.2,5.7,7.2,31.2,3.0,Open Hearth iron,2.2
5.83,3.66,42.34,2.1,1.84,87.7,2.9,Bessemer Steel,0.54
12.15,7.0,28.6,8.8,1.1,52.5,3.0,Bessemer Steel,8.27
20.98,7.65,19.18,3.21,23.25,11.92,3.0,Bessemer Steel,3.66
29.8,7.3,46.4,3.16,20.9,18.6,1.5,Open Hearth iron,1.49
13.2,5.3,33.1,6.0,6.9,40.3,3.0,Bessemer Steel,4.1
48.96,6.71,23.51,6.2,14.78,34.97,1.54,Open Hearth iron,3.14
11.64,7.36,28.59,11.9,16.53,20.33,3.07,Wrought Iron,1.94
29.77,7.32,46.3,7.7,20.92,18.65,1.41,Open Hearth iron,1.16
28.32,6.78,24.92,5.5,15.93,52.06,1.46,Open Hearth iron,1.96
13.15,7.0,28.8,5.48,4.9,35.8,3.0,Open Hearth iron,3.28
4.84,9.3,21.43,5.61,33.3,9.67,3.0,Bessemer Steel,7.36
51.5,4.9,28.4,5.53,9.6,22.3,1.5,Bessemer Steel,5.34
57.0,7.3,17.8,10.17,11.7,15.8,1.5,Wrought Iron,3.28
51.5,4.9,28.4,11.6,9.6,22.3,1.5,Open Hearth iron,7.0
17.7,7.6,25.7,2.14,2.6,46.1,1.5,Wrought Iron,0.85
0.6,3.1,55.4,9.9,68.9,65.0,3.0,Wrought Iron,10.4
110.0,5.3,32.0,7.8,15.5,53.1,3.0,Wrought Iron,1.5
20.6,7.3,18.0,3.77,10.9,26.0,1.5,Open Hearth iron,1.56
110.0,5.3,32.0,2.65,15.5,53.1,1.5,Bessemer Steel,0.84
59.8,4.5,30.8,6.9,4.4,51.7,3.0,Bessemer Steel,6.77
17.83,7.61,25.86,17.1,2.48,46.21,2.96,Open Hearth iron,6.38
11.42,7.34,28.16,1.2,16.48,20.25,1.48,Bessemer Steel,0.53
6.84,7.3,37.6,6.06,2.0,44.9,3.0,Bessemer Steel,3.92
20.6,7.3,18.0,3.23,10.9,26.0,3.0,Open Hearth iron,1.56
17.7,7.6,25.7,3.65,2.6,46.1,1.5,Open Hearth iron,1.16
11.4,7.3,28.4,4.94,16.6,20.3,3.0,Open Hearth iron,2.15
28.9,7.5,22.4,10.69,3.8,36.3,3.0,Bessemer Steel,5.46
6.84,7.3,37.6,5.9,2.0,44.9,3.0,Bessemer Steel,3.9
13.15,7.0,28.8,7.45,4.9,35.8,3.0,Open Hearth iron,5.08
177.93,4.77,28.91,7.9,18.15,46.03,2.91,Open Hearth iron,4.19
29.52,6.75,46.87,6.29,23.87,40.37,3.0,Bessemer Steel,6.82
57.0,7.3,17.8,9.6,11.7,15.8,1.5,Bessemer Steel,2.5
48.93,6.84,23.29,8.1,14.77,35.0,1.67,Open Hearth iron,2.9
112.0,4.5,13.8,12.0,16.0,17.6,1.5,Wrought Iron,3.3
3.3,7.6,37.0,4.77,8.7,70.1,1.5,Bessemer Steel,2.29
5.7,3.59,42.42,3.9,1.86,87.79,2.87,Bessemer Steel,3.32
205.06,4.61,2.79,17.7,38.16,0.69,3.09,Wrought Iron,6.29
3.35,7.73,36.98,11.9,8.69,70.2,1.44,Bessemer Steel,6.46
205.0,4.7,2.8,6.06,38.1,0.6,3.0,Bessemer Steel,2.3
8.0,6.8,72.8,7.33,34.0,46.2,1.5,Open Hearth iron,7.85
31.9,7.1,12.4,6.2,33.5,12.8,3.0,Open Hearth iron,2.8
19.75,4.64,28.35,11.6,4.0,34.02,1.54,Bessemer Steel,2.98
205.0,4.7,2.8,6.71,38.1,0.6,1.5,Open Hearth iron,1.67
3.3,7.6,37.0,3.3,8.7,70.1,1.5,Wrought Iron,1.68
21.28,4.53,34.35,11.6,3.61,63.65,1.49,Bessemer Steel,1.3
12.7,4.2,34.5,2.76,26.6,71.2,1.5,Open Hearth iron,5.15
1.3,7.0,29.4,1.1,7.2,32.4,1.5,Wrought Iron,0.9
204.92,4.69,2.9,11.8,38.1,0.52,1.62,Bessemer Steel,2.6
19.63,4.45,28.58,5.7,4.02,34.08,1.64,Open Hearth iron,2.16
14.82,6.89,7.6,10.2,23.16,30.97,3.06,Open Hearth iron,4.46
12.7,4.2,34.5,8.07,26.6,71.2,3.0,Bessemer Steel,11.13
1.66,5.6,43.6,8.93,3.47,9.8,1.5,Bessemer Steel,4.55
74.4,5.6,24.2,2.95,7.5,15.3,3.0,Open Hearth iron,2.32
10.0,8.8,31.2,1.1,7.2,31.2,1.5,Bessemer Steel,0.5
205.0,4.7,2.8,5.9,38.1,0.6,1.5,Bessemer Steel,1.92
51.5,4.9,28.4,7.6,9.6,22.3,3.0,Bessemer Steel,7.8
4.08,6.8,24.6,9.0,2.5,62.6,1.5,Bessemer Steel,16.8
82.9,4.4,22.2,7.05,12.0,26.5,3.0,Bessemer Steel,4.72
112.0,3.8,7.0,6.53,3.5,4.5,1.5,Wrought Iron,5.0
20.37,7.34,18.03,12.1,10.86,25.93,2.96,Wrought Iron,1.78
51.47,4.93,28.45,1.6,9.57,22.1,1.65,Open Hearth iron,1.26
74.6,6.6,13.0,4.0,27.8,6.6,1.5,Wrought Iron,2.1
13.28,6.96,28.77,6.3,5.0,35.9,2.97,Bessemer Steel,4.74
31.9,7.1,12.4,4.1,33.5,12.8,1.5,Open Hearth iron,1.4
74.6,6.6,13.0,11.93,27.8,6.6,1.5,Bessemer Steel,5.38
6.81,7.46,37.56,5.9,1.99,44.97,2.95,Wrought Iron,3.54
31.9,7.1,12.4,12.1,33.5,12.8,3.0,Wrought Iron,4.0
74.4,5.6,24.2,4.0,7.5,15.3,3.0,Wrought Iron,3.2
49.0,6.7,23.4,5.27,14.7,35.1,3.0,Open Hearth iron,2.63
51.5,4.9,28.4,7.69,9.6,22.3,3.0,Bessemer Steel,7.79
57.0,7.3,17.8,5.8,11.7,15.8,3.0,Wrought Iron,2.3
112.0,3.8,7.0,3.26,3.5,4.5,3.0,Open Hearth iron,3.6
59.8,4.5,30.8,17.0,4.4,51.7,1.5,Bessemer Steel,9.2
431.0,5.9,12.2,17.44,40.6,7.2,1.5,Bessemer Steel,1.49
4.89,7.5,54.4,8.0,5.7,70.4,3.0,Open Hearth iron,5.7
10.55,3.22,53.9,2.08,64.96,63.6,1.5,Bessemer Steel,3.86
10.0,8.8,31.2,6.02,7.2,31.2,3.0,Wrought Iron,2.07
66.7,5.6,22.2,5.89,7.0,17.7,1.5,Open Hearth iron,4.42
31.9,7.1,12.4,14.69,33.5,12.8,1.5,Bessemer Steel,4.72
110.0,5.3,32.0,3.72,15.5,53.1,1.5,Open Hearth iron,1.28
114.0,4.5,13.0,12.0,34.7,5.6,1.5,Open Hearth iron,1.3
2.18,2.6,43.4,8.08,33.2,46.2,1.5,Bessemer Steel,13.33
66.7,5.6,22.2,9.61,7.0,17.7,1.5,Open Hearth iron,5.92
12.96,5.35,33.09,2.23,6.58,40.77,1.5,Bessemer Steel,1.39
35.2,6.2,17.2,4.92,14.4,13.9,3.0,Bessemer Steel,2.7
177.9,4.8,29.1,3.48,18.2,46.1,3.0,Wrought Iron,3.08
13.2,5.34,33.1,7.9,6.8,40.3,2.92,Bessemer Steel,4.58
28.2,6.8,24.8,5.5,15.8,52.1,3.0,Open Hearth iron,2.7
13.2,5.3,33.1,5.68,6.9,40.3,1.5,Open Hearth iron,4.29
15.0,7.0,7.6,8.36,23.2,30.9,3.0,Wrought Iron,5.48
31.99,7.03,12.44,8.0,33.63,12.72,1.48,Wrought Iron,1.35
111.83,4.63,13.79,6.0,15.91,17.44,3.07,Open Hearth iron,1.78
74.6,6.6,13.0,4.0,27.8,6.6,3.0,Bessemer Steel,2.6
12.15,7.0,28.6,5.5,1.1,52.5,3.0,Bessemer Steel,5.1
57.11,7.27,17.86,11.7,11.62,15.74,1.56,Bessemer Steel,3.55
49.0,6.7,23.4,8.0,14.7,35.1,1.5,Wrought Iron,3.3
2.63,7.4,14.8,3.97,18.7,26.7,3.0,Open Hearth iron,3.19
35.23,6.32,17.31,1.0,14.25,13.91,3.07,Open Hearth iron,0.31
47.67,7.2,28.27,9.66,15.94,21.59,3.0,Wrought Iron,2.99
31.9,7.1,12.4,9.59,33.5,12.8,1.5,Open Hearth iron,1.93
59.89,4.6,30.72,1.2,4.26,51.7,1.39,Wrought Iron,1.57
431.0,5.9,12.2,4.77,40.6,7.2,1.5,Wrought Iron,0.67
28.9,7.5,22.4,9.54,3.8,36.3,1.5,Bessemer Steel,4.05
49.0,6.7,23.4,9.9,14.7,35.1,1.5,Open Hearth iron,4.2
1.3,7.0,29.4,12.21,7.2,32.4,3.0,Open Hearth iron,5.82
66.75,5.65,22.24,6.0,7.0,17.74,3.1,Open Hearth iron,4.56
21.2,4.4,34.3,14.14,3.7,63.6,1.5,Bessemer Steel,3.79
15.0,7.0,7.6,12.0,23.2,30.9,1.5,Open Hearth iron,4.0
3.26,7.63,36.99,1.2,8.76,70.14,1.42,Wrought Iron,0.73
3.51,9.45,21.51,2.23,34.48,9.47,1.5,Bessemer Steel,3.45
13.15,7.0,28.8,5.13,4.9,35.8,1.5,Bessemer Steel,3.58
49.0,6.7,23.4,5.44,14.7,35.1,3.0,Wrought Iron,2.49
2.9,9.5,21.7,3.94,34.5,9.4,1.5,Open Hearth iron,2.68
7.53,6.93,28.59,16.54,8.14,31.43,3.0,Bessemer Steel,6.73
386.0,4.5,3.0,1.4,32.1,2.6,3.0,Wrought Iron,0.2
12.15,7.0,28.6,9.6,1.1,52.5,1.5,Open Hearth iron,8.1
431.0,5.9,12.2,2.24,40.6,7.2,3.0,Open Hearth iron,0.28
74.6,6.6,13.0,8.84,27.8,6.6,3.0,Wrought Iron,4.72
17.8,7.2,25.8,8.43,9.5,36.0,3.0,Wrought Iron,2.08
66.7,5.6,22.2,7.66,7.0,17.7,1.5,Wrought Iron,5.22
51.5,4.97,28.34,5.7,9.65,22.36,2.95,Bessemer Steel,4.32
12.7,4.2,34.5,4.1,26.6,71.2,1.5,Open Hearth iron,7.2
6.84,7.3,37.6,7.38,2.0,44.9,3.0,Wrought Iron,3.67
19.7,4.6,28.4,3.7,3.9,34.2,3.0,Open Hearth iron,2.3
28.12,6.9,24.75,11.5,15.64,52.29,3.05,Bessemer Steel,4.91
177.9,4.8,29.1,3.32,18.2,46.1,3.0,Open Hearth iron,2.86
177.9,4.8,29.1,5.9,18.2,46.1,3.0,Bessemer Steel,3.6
10.0,8.8,31.2,7.28,7.2,31.2,1.5,Open Hearth iron,1.8
66.83,5.57,22.22,8.0,7.02,17.55,1.65,Wrought Iron,5.31
14.99,6.99,7.59,8.2,23.26,30.9,1.49,Bessemer Steel,3.65
431.1,5.95,11.99,12.0,40.49,7.23,2.95,Open Hearth iron,1.12
20.6,7.3,18.0,4.1,10.9,26.0,1.5,Bessemer Steel,1.4
49.0,6.7,23.4,4.0,14.7,35.1,1.5,Wrought Iron,1.8
112.0,4.5,13.8,4.1,16.0,17.6,3.0,Bessemer Steel,1.6
5.7,3.7,42.6,6.0,1.9,87.8,1.5,Open Hearth iron,3.0
177.9,4.8,29.1,4.0,18.2,46.1,3.0,Wrought Iron,3.6
385.82,4.62,2.76,8.0,32.03,2.65,1.58,Open Hearth iron,1.86
112.0,3.8,7.0,2.21,3.5,4.5,3.0,Open Hearth iron,2.6
41.15,5.38,29.44,3.3,10.05,25.5,3.0,Open Hearth iron,2.84
15.0,7.0,7.6,4.0,23.2,30.9,3.0,Wrought Iron,2.4
74.4,5.6,24.2,1.4,7.5,15.3,3.0,Open Hearth iron,1.3
1.3,7.0,29.4,17.0,7.2,32.4,1.5,Open Hearth iron,6.1
56.95,7.37,17.85,9.5,11.67,15.8,3.12,Wrought Iron,2.9
112.16,3.71,6.86,9.9,3.61,4.55,1.6,Open Hearth iron,9.1
21.19,4.38,34.13,1.0,3.79,63.71,2.83,Wrought Iron,0.64
3.3,7.6,37.0,8.77,8.7,70.1,1.5,Bessemer Steel,3.88
205.0,4.7,2.8,2.94,38.1,0.6,1.5,Bessemer Steel,1.81
51.5,4.9,28.4,3.12,9.6,22.3,3.0,Wrought Iron,2.96
15.0,7.0,7.6,6.56,23.2,30.9,3.0,Bessemer Steel,3.45
21.2,4.4,34.3,7.7,3.7,63.6,1.5,Bessemer Steel,3.7
112.0,4.5,13.8,11.75,16.0,17.6,1.5,Bessemer Steel,2.87
112.0,3.8,7.0,12.0,3.5,4.5,3.0,Wrought Iron,8.2
19.7,4.6,28.4,5.95,3.9,34.2,3.0,Open Hearth iron,2.31
49.14,6.95,23.31,9.9,14.71,35.03,1.82,Open Hearth iron,4.19
4.88,7.53,54.23,6.1,5.89,70.45,2.89,Wrought Iron,6.12
0.6,3.1,55.4,6.2,68.9,65.0,3.0,Bessemer Steel,7.7
386.2,4.43,3.07,6.0,32.23,2.55,2.92,Bessemer Steel,1.29
177.9,4.8,29.1,6.71,18.2,46.1,1.5,Open Hearth iron,3.4
8.0,6.8,72.8,6.14,34.0,46.2,3.0,Wrought Iron,5.1
29.8,7.3,46.4,1.91,20.9,18.6,1.5,Open Hearth iron,1.09
12.31,7.22,28.57,3.5,1.06,52.44,2.81,Open Hearth iron,4.11
66.07,6.31,20.98,6.28,25.62,30.43,3.0,Bessemer Steel,0.91
17.7,7.6,25.7,17.1,2.6,46.1,1.5,Wrought Iron,7.9
13.2,5.3,33.1,7.13,6.9,40.3,3.0,Open Hearth iron,3.96
12.7,4.2,34.5,8.0,26.6,71.2,1.5,Open Hearth iron,14.3
386.0,4.5,3.0,7.39,32.1,2.6,3.0,Wrought Iron,1.71
17.8,7.2,25.8,1.77,9.5,36.0,1.5,Wrought Iron,0.83
4.89,7.5,54.4,8.0,5.7,70.4,1.5,Bessemer Steel,5.5
19.7,4.6,28.4,10.9,3.9,34.2,3.0,Open Hearth iron,3.22
161.6,5.04,29.91,3.49,16.66,45.99,1.5,Open Hearth iron,2.1
15.41,7.21,31.07,6.55,12.15,61.35,1.5,Bessemer Steel,3.78
2.9,9.5,21.7,5.86,34.5,9.4,1.5,Bessemer Steel,7.32
59.8,4.5,30.8,5.9,4.4,51.7,1.5,Bessemer Steel,5.2
6.84,7.3,37.6,11.28,2.0,44.9,1.5,Wrought Iron,6.5
9.75,5.97,32.89,11.8,2.31,47.12,1.51,Wrought Iron,7.95
51.5,4.9,28.4,11.6,9.6,22.3,1.5,Wrought Iron,7.0
35.2,6.2,17.2,1.92,14.4,13.9,1.5,Wrought Iron,1.04
112.0,3.8,7.0,4.45,3.5,4.5,3.0,Wrought Iron,4.37
0.6,3.1,55.4,12.0,68.9,65.0,1.5,Open Hearth iron,15.5
23.7,6.2,31.2,2.43,10.8,30.9,1.5,Open Hearth iron,2.19
5.14,7.59,54.38,11.9,5.69,70.54,1.43,Open Hearth iron,8.13
20.62,7.21,18.11,6.1,11.09,26.23,2.89,Open Hearth iron,0.78
11.21,5.7,33.04,7.48,4.28,44.17,1.5,Bessemer Steel,4.24
74.6,6.6,13.0,7.26,27.8,6.6,3.0,Open Hearth iron,4.28
8.76,8.56,28.43,9.84,9.14,30.44,3.0,Wrought Iron,3.01
1.66,5.6,43.6,14.2,3.47,9.8,1.5,Bessemer Steel,3.9
4.76,7.68,54.41,4.0,5.58,70.29,1.56,Open Hearth iron,3.55
11.4,7.3,28.4,1.2,16.6,20.3,3.0,Open Hearth iron,0.3
1.3,7.0,29.4,3.04,7.2,32.4,1.5,Wrought Iron,1.13
17.8,7.2,25.8,14.99,9.5,36.0,3.0,Open Hearth iron,3.35
19.7,4.6,28.4,9.44,3.9,34.2,1.5,Open Hearth iron,2.94
23.7,6.2,31.2,4.0,10.8,30.9,3.0,Bessemer Steel,2.9
49.06,6.82,23.44,4.2,14.79,35.22,1.48,Wrought Iron,1.7
5.65,3.64,42.48,12.0,1.75,87.93,1.57,Bessemer Steel,7.68
15.81,7.03,40.99,5.53,8.84,50.04,3.0,Open Hearth iron,3.02
12.7,4.2,34.5,7.39,26.6,71.2,3.0,Wrought Iron,10.38
18.82,5.66,44.67,10.11,12.24,50.13,1.5,Bessemer Steel,2.46
17.7,7.6,25.7,15.42,2.6,46.1,3.0,Wrought Iron,5.12
8.0,6.8,72.8,5.8,34.0,46.2,1.5,Wrought Iron,4.6
28.2,6.8,24.8,5.5,15.8,52.1,1.5,Wrought Iron,2.3
28.2,6.8,24.8,2.62,15.8,52.1,3.0,Open Hearth iron,0.99
110.0,5.3,32.0,11.86,15.5,53.1,1.5,Bessemer Steel,2.88
13.15,7.0,28.8,8.1,4.9,35.8,1.5,Wrought Iron,6.9
4.86,7.25,54.52,17.5,5.62,70.44,3.16,Wrought Iron,12.39
17.8,7.2,25.8,5.78,9.5,36.0,3.0,Bessemer Steel,1.7
29.66,7.27,46.42,7.5,20.74,18.7,1.43,Wrought Iron,2.01
13.15,7.0,28.8,14.26,4.9,35.8,1.5,Open Hearth iron,6.78
59.8,4.5,30.8,7.92,4.4,51.7,3.0,Bessemer Steel,7.52
11.4,7.3,28.4,4.04,16.6,20.3,3.0,Open Hearth iron,1.4
29.8,7.3,46.4,5.58,20.9,18.6,3.0,Bessemer Steel,1.41
31.89,6.92,12.39,2.0,33.6,12.67,3.06,Bessemer Steel,0.22
15.0,7.0,7.6,5.1,23.2,30.9,3.0,Wrought Iron,2.8
2.18,2.6,43.4,3.25,33.2,46.2,1.5,Bessemer Steel,6.77
52.1,5.8,32.0,1.9,15.5,13.2,1.5,Bessemer Steel,2.2
31.9,7.1,12.4,10.64,33.5,12.8,3.0,Open Hearth iron,2.6
184.04,3.98,5.95,9.21,11.02,4.0,1.5,Wrought Iron,6.69
13.15,7.0,28.8,1.9,4.9,35.8,1.5,Bessemer Steel,1.4
7.96,6.63,72.68,7.6,33.91,46.15,1.57,Open Hearth iron,8.41
110.0,5.3,32.0,8.3,15.5,53.1,3.0,Wrought Iron,1.55
17.8,7.2,25.8,11.7,9.5,36.0,1.5,Bessemer Steel,2.9
35.2,6.2,17.2,3.8,14.4,13.9,1.5,Open Hearth iron,2.0
177.9,4.8,29.1,7.9,18.2,46.1,3.0,Open Hearth iron,4.1
9.7,6.0,33.0,10.0,2.3,47.1,1.5,Bessemer Steel,6.0
41.44,5.56,29.89,11.01,9.03,39.79,1.5,Open Hearth iron,5.05
10.0,8.8,31.2,7.46,7.2,31.2,1.5,Bessemer Steel,2.95
17.84,7.38,25.62,8.0,2.73,46.04,2.97,Bessemer Steel,1.97
13.15,7.0,28.8,11.05,4.9,35.8,3.0,Wrought Iron,6.08
9.7,6.0,33.0,6.0,2.3,47.1,3.0,Open Hearth iron,6.6
35.25,6.36,17.26,1.0,14.35,13.94,2.79,Wrought Iron,0.57
13.2,5.3,33.1,1.5,6.9,40.3,1.5,Wrought Iron,0.5
19.7,4.6,28.4,2.32,3.9,34.2,1.5,Bessemer Steel,1.4
15.03,6.89,7.49,8.0,23.21,30.76,2.82,Wrought Iron,5.79
6.84,7.3,37.6,5.41,2.0,44.9,3.0,Wrought Iron,3.57
13.52,6.99,28.75,1.97,4.91,35.67,1.5,Bessemer Steel,1.43
112.0,3.8,7.0,2.0,3.5,4.5,3.0,Bessemer Steel,2.5
0.6,3.1,55.4,9.9,68.9,65.0,1.5,Open Hearth iron,11.6
29.8,7.3,46.4,1.51,20.9,18.6,3.0,Wrought Iron,1.02
12.15,7.0,28.6,3.15,1.1,52.5,1.5,Wrought Iron,3.51
23.89,6.08,31.12,3.9,10.79,30.74,1.21,Bessemer Steel,2.42
74.4,5.6,24.2,4.03,7.5,15.3,3.0,Bessemer Steel,3.2
17.7,7.6,25.7,6.72,2.6,46.1,1.5,Open Hearth iron,1.53
5.74,3.76,42.55,7.9,2.09,87.77,1.42,Wrought Iron,4.26
28.2,6.8,24.8,15.44,15.8,52.1,3.0,Wrought Iron,5.34
5.8,3.69,42.76,11.9,2.04,87.76,2.95,Bessemer Steel,8.07
98.73,5.56,29.17,10.46,18.1,47.28,3.0,Open Hearth iron,1.74
6.84,7.3,37.6,2.87,2.0,44.9,1.5,Open Hearth iron,2.31
2.78,9.4,24.7,5.95,6.1,6.2,1.5,Open Hearth iron,13.38
29.8,7.3,46.4,7.7,20.9,18.6,1.5,Bessemer Steel,1.6
386.0,4.5,3.0,12.93,32.1,2.6,3.0,Wrought Iron,2.38
105.7,5.86,32.69,8.58,11.36,45.59,3.0,Bessemer Steel,4.21
51.5,4.9,28.4,1.7,9.6,22.3,3.0,Open Hearth iron,1.5
112.0,3.8,7.0,8.04,3.5,4.5,3.0,Bessemer Steel,5.85
28.95,7.41,22.44,11.5,3.75,36.27,1.43,Open Hearth iron,6.5
21.2,4.4,34.3,11.46,3.7,63.6,1.5,Bessemer Steel,1.33
57.0,7.3,17.8,3.56,11.7,15.8,1.5,Bessemer Steel,1.35
28.9,7.5,22.4,4.49,3.8,36.3,1.5,Bessemer Steel,2.3
29.8,7.3,46.4,13.47,20.9,18.6,1.5,Open Hearth iron,3.68
9.7,6.0,33.0,6.52,2.3,47.1,1.5,Wrought Iron,5.76
0.62,3.01,55.31,1.1,68.96,64.84,1.43,Bessemer Steel,2.74
74.45,5.74,24.09,4.1,7.64,15.33,2.97,Bessemer Steel,3.01
137.03,4.86,34.88,10.0,14.93,45.75,1.43,Bessemer Steel,12.28
3.3,7.6,37.0,7.35,8.7,70.1,1.5,Wrought Iron,3.28
66.74,5.5,22.04,1.1,7.11,17.69,1.67,Wrought Iron,1.09
28.9,7.5,22.4,3.28,3.8,36.3,1.5,Open Hearth iron,2.04
135.8,4.69,34.98,11.91,15.37,45.97,3.0,Bessemer Steel,10.92
112.0,4.5,13.8,13.51,16.0,17.6,1.5,Wrought Iron,3.51
12.15,7.0,28.6,1.0,1.1,52.5,3.0,Wrought Iron,1.2
136.89,4.7,34.84,4.2,14.88,45.93,1.5,Open Hearth iron,4.41
35.2,6.2,17.2,6.22,14.4,13.9,3.0,Wrought Iron,3.07
110.0,5.3,32.0,6.56,15.5,53.1,1.5,Wrought Iron,1.65
24.78,6.47,29.37,3.6,9.34,32.02,1.5,Wrought Iron,3.01
12.15,7.0,28.6,8.16,1.1,52.5,3.0,Wrought Iron,7.28
11.4,7.3,28.4,1.55,16.6,20.3,3.0,Open Hearth iron,0.42
11.51,7.26,28.38,6.0,16.58,20.44,1.63,Open Hearth iron,2.28
13.24,7.01,28.88,2.0,4.8,35.81,3.04,Bessemer Steel,0.85
28.2,6.8,24.8,13.18,15.8,52.1,1.5,Wrought Iron,5.17
35.2,6.2,17.2,10.48,14.4,13.9,1.5,Wrought Iron,5.82
385.99,4.49,2.82,1.4,32.07,2.46,2.79,Open Hearth iron,0.11
386.0,4.5,3.0,8.0,32.1,2.6,1.5,Bessemer Steel,1.8
13.13,7.0,28.73,12.2,5.02,35.82,1.53,Wrought Iron,7.48
110.0,5.3,32.0,1.4,15.5,53.1,3.0,Open Hearth iron,0.4
19.7,4.6,28.4,9.7,3.9,34.2,3.0,Wrought Iron,3.1
381.0,4.52,3.34,16.95,31.71,2.8,3.0,Bessemer Steel,2.77
2.63,7.4,14.8,10.27,18.7,26.7,1.5,Wrought Iron,11.18
66.85,5.52,22.2,5.9,6.87,17.79,1.45,Open Hearth iron,4.52
13.2,5.3,33.1,17.4,6.9,40.3,1.5,Bessemer Steel,7.0
0.6,3.1,55.4,8.0,68.9,65.0,3.0,Bessemer Steel,9.0
114.0,4.5,13.0,2.76,34.7,5.6,3.0,Bessemer Steel,0.35
126.77,6.07,10.73,8.87,24.15,8.63,3.0,Bessemer Steel,2.14
2.18,2.6,43.4,4.9,33.2,46.2,1.5,Bessemer Steel,7.47
28.9,7.5,22.4,9.6,3.8,36.3,3.0,Open Hearth iron,4.6
8.0,6.8,72.8,5.32,34.0,46.2,1.5,Wrought Iron,4.3
74.58,6.61,13.2,7.9,27.75,6.73,2.77,Wrought Iron,4.57
5.7,3.7,42.6,12.0,1.9,87.8,1.5,Wrought Iron,8.5
59.8,4.5,30.8,13.35,4.4,51.7,1.5,Wrought Iron,8.66
10.0,8.8,31.2,5.7,7.2,31.2,3.0,Bessemer Steel,2.0
15.45,7.1,10.59,10.27,19.8,33.41,3.0,Wrought Iron,3.99
23.29,7.25,35.22,9.68,14.72,28.04,1.5,Bessemer Steel,2.05
4.89,7.5,54.4,11.9,5.7,70.4,1.5,Bessemer Steel,7.74
74.6,6.6,13.0,7.9,27.8,6.6,1.5,Open Hearth iron,4.4
